pkType,cybersourceTransactionId,sourceId,merchantNumber,cardTypeCode,cardTypeDescription,cardTypeIndicator,cardNumber,last4AccountNumber,expirationDate,transactionCode,transactionDate,transactionTime,authorizationAmount,authorizationResponseCode,currency,foreignCardIndicator,transactionId,fileSource,referenceNumber,moto,pkFilter,id,version,cvvResult,avsCode,authorizationNumber,terminalId,binNumber,pointOfSale,keyedEntry,merchantInformationBinNumber,agentNumber,officeName,merchantName
cybersource:authorization,7628396897506034903813,88b02c35-cd3b-4d44-84a5-8d018ff9748e,salequicktest001,VI,Visa,credit card,xxxxxx1111,1111,Dec-31,ics_credit - Card Credit,20251111,5:41:29,100,Approved,"{""countryName"":""United States"",""currencyCode"":""840"",""currencyName"":""US Dollar"",""currencyNumber"":""840"",""decimalPlaces"":2}",FALSE,016153570198200,API https://apitest.cybersource.com/tss/v2/transactions/7628396897506034903813,7628392275856932103813,FALSE,20251111,d2ba90cd-49d2-4438-8f4f-abbe12479eb5,20251110.1,,,,,,,,,,,
cybersource:authorization,7628390212076754003813,3b71705b-8c0b-4ef7-9439-9bf3941e4ddd,salequicktest001,MC,Mastercard,credit card,xxxxxx4444,4444,Dec-31,ics_credit - Card Credit,20251111,5:30:21,100,Approved,"{""countryName"":""United States"",""currencyCode"":""840"",""currencyName"":""US Dollar"",""currencyNumber"":""840"",""decimalPlaces"":2}",FALSE,1111MCC404634  ,API https://apitest.cybersource.com/tss/v2/transactions/7628390212076754003813,7628388155806733503813,FALSE,20251111,bd3cbc12-9efc-404b-b8ac-069ad8051e16,20251110.1,M - Card verification number matched.,Y,,,,,,,,,
cybersource:authorization,7628384814766041503812,099150e3-eaae-4ff3-b101-e64ae2ebedca,salequicktest001,MC,Mastercard,credit card,xxxxxx4444,4444,Dec-31,ics_auth_reversal - Card Full Authorization Reversal,20251111,5:21:21,1,Approved,"{""countryName"":""United States"",""currencyCode"":""840"",""currencyName"":""US Dollar"",""currencyNumber"":""840"",""decimalPlaces"":2}",FALSE,1111MCC321247  ,API https://apitest.cybersource.com/tss/v2/transactions/7628384814766041503812,7628384216826476803814,FALSE,20251111,c08141fc-6f89-474f-b29a-552428ab7eff,20251110.1,,,831000,,,,,,,,
cybersource:authorization,7628376570236872204604,f2a8b2a7-a909-4941-8d33-d545d182de96,crest_test001,VI,Visa,credit card,401704xxxxxx4265,4265,30-Nov,ics_auth - Card Authorization,20251111,5:07:37,0.04,Approved,"{""countryName"":""United States"",""currencyCode"":""840"",""currencyName"":""US Dollar"",""currencyNumber"":""840"",""decimalPlaces"":2}",FALSE,016153570198200,API https://apitest.cybersource.com/tss/v2/transactions/7628376570236872204604,7628376570236872204604,FALSE,20251111,3746dc60-9e9e-4580-bb10-d9e7b5eedcc0,20251110.1,,Y,831000,10000015,401704,contactless,No,,,,
cybersource:authorization,7628383009546969504603,f5069aad-8c0c-44c5-b6c4-5f2a77974d3a,crest_test001,VI,Visa,credit card,xxxxxx4265,4265,30-Nov,ics_auth_reversal - Card Full Authorization Reversal,20251111,5:18:21,0.04,Approved,"{""countryName"":""United States"",""currencyCode"":""840"",""currencyName"":""US Dollar"",""currencyNumber"":""840"",""decimalPlaces"":2}",FALSE,016153570198200,API https://apitest.cybersource.com/tss/v2/transactions/7628383009546969504603,7628376570236872204604,FALSE,20251111,eebfaca2-189f-4c02-add2-7d94eb8df55a,20251110.1,,,831000,10000015,,,,,,,
cybersource:authorization,7628373623496845404605,790ca158-394b-4a5e-84bf-8d5cea439a5e,crest_test001,VI,Visa,credit card,xxxxxx4265,4265,30-Nov,ics_auth_reversal - Card Full Authorization Reversal,20251111,5:02:42,1.04,Approved,"{""countryName"":""United States"",""currencyCode"":""840"",""currencyName"":""US Dollar"",""currencyNumber"":""840"",""decimalPlaces"":2}",FALSE,016153570198200,API https://apitest.cybersource.com/tss/v2/transactions/7628373623496845404605,7628373184806787804604,FALSE,20251111,435908c4-0482-41c1-8ef5-7dda01d6d203,20251110.1,,,831000,10000015,,,,,,,
cybersource:authorization,7628382814046606903813,2b095394-dcf7-4c37-a77c-809e7b934839,salequicktest001,VI,Visa,credit card,411111xxxxxx1111,1111,Dec-31,ics_auth - Card Authorization,20251111,5:18:01,100,Approved,"{""countryName"":""United States"",""currencyCode"":""840"",""currencyName"":""US Dollar"",""currencyNumber"":""840"",""decimalPlaces"":2}",FALSE,016153570198200,API https://apitest.cybersource.com/tss/v2/transactions/7628382814046606903813,7628382814046606903813,FALSE,20251111,61fda619-a410-4e3b-b70c-e0aea7cd2f8d,20251110.1,M - Card verification number matched.,Y,831000,,411111,,,,,,
cybersource:authorization,7628386259616522003814,c278086a-3e7f-403c-a635-fbffe2ba8cb9,salequicktest001,MC,Mastercard,credit card,555555xxxxxx4444,4444,Dec-31,ics_auth - Card Authorization,20251111,5:23:46,200,Approved,"{""countryName"":""United States"",""currencyCode"":""840"",""currencyName"":""US Dollar"",""currencyNumber"":""840"",""decimalPlaces"":2}",FALSE,1111MCC693673  ,API https://apitest.cybersource.com/tss/v2/transactions/7628386259616522003814,7628386259616522003814,FALSE,20251111,b1995220-2809-403f-b4a0-768142000792,20251110.1,M - Card verification number matched.,Y,831000,,555555,,,,,,
cybersource:authorization,7628401964456540103812,4eb0ef28-3eb4-412d-9d74-a560bf385954,paydalatest001,VI,Visa,credit card,400000xxxxxx1000,1000,Jan-27,ics_auth - Card Authorization,20251111,5:49:56,5,Approved,"{""countryName"":""United States"",""currencyCode"":""840"",""currencyName"":""US Dollar"",""currencyNumber"":""840"",""decimalPlaces"":2}",FALSE,016153570198200,API https://apitest.cybersource.com/tss/v2/transactions/7628401964456540103812,7628401964456540103812,FALSE,20251111,9940198a-34ca-41d4-938b-c258cf34c94f,20251110.1,,Y,831000,,400000,,,,,,
cybersource:authorization,7628383005636015004606,82c7e514-2007-42fd-a4b6-8a12397ed4c9,crest_test001,,,,xxxxxx,,/,ics_void - Voided Transactions,20251111,5:18:20,0,Declined,"{""countryName"":""United States"",""currencyCode"":""840"",""currencyName"":""US Dollar"",""currencyNumber"":""840"",""decimalPlaces"":2}",TRUE,,API https://apitest.cybersource.com/tss/v2/transactions/7628383005636015004606,,FALSE,20251111,4d58de79-671f-467f-a454-49b15ff64cc5,20251110.1,,,,,,,,,,,
cybersource:authorization,7628373621036783404603,aef46a41-5cdd-4a7f-9b56-d5575e96ddaf,crest_test001,,,,xxxxxx,,/,ics_void - Voided Transactions,20251111,5:02:42,0,Declined,"{""countryName"":""United States"",""currencyCode"":""840"",""currencyName"":""US Dollar"",""currencyNumber"":""840"",""decimalPlaces"":2}",TRUE,,API https://apitest.cybersource.com/tss/v2/transactions/7628373621036783404603,,FALSE,20251111,cf71afdd-c038-48e9-8e22-ebc5b8bd102a,20251110.1,,,,,,,,,,,
cybersource:authorization,7628396887546034803813,707a0e21-146b-4985-9436-42ab9be41cdb,salequicktest001,VI,Visa,credit card,411111xxxxxx1111,1111,Dec-31,ics_auth - Card Authorization,20251111,5:41:28,200,Approved,"{""countryName"":""United States"",""currencyCode"":""840"",""currencyName"":""US Dollar"",""currencyNumber"":""840"",""decimalPlaces"":2}",FALSE,016153570198200,API https://apitest.cybersource.com/tss/v2/transactions/7628396887546034803813,7628396887546034803813,FALSE,20251111,15ed165f-d87a-4948-99a4-a07017e634ed,20251110.1,M - Card verification number matched.,Y,831000,,411111,,,,,,
cybersource:authorization,7628384216826476803814,043c0e3d-d75e-44b4-a414-fab8fcb45cac,salequicktest001,MC,Mastercard,credit card,555555xxxxxx4444,4444,Dec-31,ics_auth - Card Authorization,20251111,5:20:21,1,Approved,"{""countryName"":""United States"",""currencyCode"":""840"",""currencyName"":""US Dollar"",""currencyNumber"":""840"",""decimalPlaces"":2}",FALSE,1111MCC132686  ,API https://apitest.cybersource.com/tss/v2/transactions/7628384216826476803814,7628384216826476803814,FALSE,20251111,707d7e69-e554-42e7-897d-2c166c5e514f,20251110.1,M - Card verification number matched.,Y,831000,,555555,,,,,,
cybersource:authorization,7628386865616708103813,33aab1e4-fecb-42ab-9c46-c7e77a12dbee,salequicktest001,,,,xxxxxx,,/,ics_bill - Card Settlement,20251111,5:24:46,0,Declined,"{""countryName"":""United States"",""currencyCode"":""840"",""currencyName"":""US Dollar"",""currencyNumber"":""840"",""decimalPlaces"":2}",TRUE,,API https://apitest.cybersource.com/tss/v2/transactions/7628386865616708103813,,FALSE,20251111,6f66e926-020f-4b31-921c-bdd67bec7894,20251110.1,,,,,,,,,,,
cybersource:authorization,7628388155806733503813,8ee222f9-7521-4910-a6af-547769a2341c,salequicktest001,MC,Mastercard,credit card,555555xxxxxx4444,4444,Dec-31,ics_auth - Card Authorization,20251111,5:26:55,200,Approved,"{""countryName"":""United States"",""currencyCode"":""840"",""currencyName"":""US Dollar"",""currencyNumber"":""840"",""decimalPlaces"":2}",FALSE,1111MCC404634  ,API https://apitest.cybersource.com/tss/v2/transactions/7628388155806733503813,7628388155806733503813,FALSE,20251111,ae0db45f-f4bc-4e95-bd7a-7c009f9b77d5,20251110.1,M - Card verification number matched.,Y,831000,,555555,,,,,,
cybersource:authorization,7628383813466014103812,35c72ee5-da52-4540-a193-4643d00d9a5e,salequicktest001,,,,xxxxxx,,/,ics_bill - Card Settlement,20251111,5:19:41,0,Declined,"{""countryName"":""United States"",""currencyCode"":""840"",""currencyName"":""US Dollar"",""currencyNumber"":""840"",""decimalPlaces"":2}",TRUE,,API https://apitest.cybersource.com/tss/v2/transactions/7628383813466014103812,,FALSE,20251111,dcafbda1-612f-4ceb-b6d8-957777db53d3,20251110.1,,,,,,,,,,,
cybersource:authorization,7628381260626932903812,ce13716c-b185-4f2e-9540-9396e292b599,salequicktest001,MC,Mastercard,credit card,555555xxxxxx4444,4444,Dec-31,ics_auth - Card Authorization,20251111,5:15:26,1,Approved,"{""countryName"":""United States"",""currencyCode"":""840"",""currencyName"":""US Dollar"",""currencyNumber"":""840"",""decimalPlaces"":2}",FALSE,1111MCC930372  ,API https://apitest.cybersource.com/tss/v2/transactions/7628381260626932903812,7628381260626932903812,FALSE,20251111,cc37f9a5-2177-4190-9932-ac1ef7afd5be,20251110.1,M - Card verification number matched.,Y,831000,,555555,,,,,,
cybersource:authorization,7628389005866123703812,41bbb338-b0ad-4550-afc4-39e152212070,salequicktest001,MC,Mastercard,credit card,xxxxxx4444,4444,Dec-31,ics_bill - Card Settlement,20251111,5:28:20,100,Approved,"{""countryName"":""United States"",""currencyCode"":""840"",""currencyName"":""US Dollar"",""currencyNumber"":""840"",""decimalPlaces"":2}",FALSE,1111MCC404634  ,API https://apitest.cybersource.com/tss/v2/transactions/7628389005866123703812,7628388155806733503813,FALSE,20251111,74ef6220-089d-4fa4-a30b-8b0b7cea6150,20251110.1,M - Card verification number matched.,Y,,,,,,,,,
cybersource:authorization,7628385336756050403812,0938caa8-ce27-4fa6-93f3-f8c00ff706ad,salequicktest001,,,,xxxxxx,,/,ics_bill - Card Settlement,20251111,5:22:13,0,Declined,"{""countryName"":""United States"",""currencyCode"":""840"",""currencyName"":""US Dollar"",""currencyNumber"":""840"",""decimalPlaces"":2}",TRUE,,API https://apitest.cybersource.com/tss/v2/transactions/7628385336756050403812,,FALSE,20251111,d08ca610-4af3-427c-a119-c7df6e2a5a97,20251110.1,,,,,,,,,,,
cybersource:authorization,7628373184806787804604,99bf61fe-7d64-49fa-be92-652c335de130,crest_test001,VI,Visa,credit card,401704xxxxxx4265,4265,30-Nov,ics_auth - Card Authorization,20251111,5:01:58,1.04,Approved,"{""countryName"":""United States"",""currencyCode"":""840"",""currencyName"":""US Dollar"",""currencyNumber"":""840"",""decimalPlaces"":2}",FALSE,016153570198200,API https://apitest.cybersource.com/tss/v2/transactions/7628373184806787804604,7628373184806787804604,FALSE,20251111,0f3fea4f-773c-439d-a8e0-ebaf866429bf,20251110.1,,Y,831000,10000015,401704,contactless,No,,,,
cybersource:authorization,7628381980096571203813,e936cd38-9b8c-42e5-aca0-6534858b3f2d,salequicktest001,MC,Mastercard,credit card,555555xxxxxx4444,4444,Dec-31,ics_auth - Card Authorization,20251111,5:16:38,1,Approved,"{""countryName"":""United States"",""currencyCode"":""840"",""currencyName"":""US Dollar"",""currencyNumber"":""840"",""decimalPlaces"":2}",FALSE,1111MCC256986  ,API https://apitest.cybersource.com/tss/v2/transactions/7628381980096571203813,7628381980096571203813,FALSE,20251111,ce9de973-d25b-4f22-aab0-e2adf6a02726,20251110.1,M - Card verification number matched.,Y,831000,,555555,,,,,,
cybersource:authorization,7628392275856932103813,0801d34b-9e48-407f-825a-67b2f2cbcc97,salequicktest001,VI,Visa,credit card,411111xxxxxx1111,1111,Dec-31,ics_auth - Card Authorization,20251111,5:33:47,200,Approved,"{""countryName"":""United States"",""currencyCode"":""840"",""currencyName"":""US Dollar"",""currencyNumber"":""840"",""decimalPlaces"":2}",FALSE,016153570198200,API https://apitest.cybersource.com/tss/v2/transactions/7628392275856932103813,7628392275856932103813,FALSE,20251111,07062bf3-8063-413c-a8d3-fec7d82fd1a2,20251110.1,M - Card verification number matched.,Y,831000,,411111,,,,,,
cybersource:authorization,7628409402436310204805,019f4990-907f-47ec-a6a8-468f063c8d68,salequicktest001,VI,Visa,credit card,411111xxxxxx1111,1111,Dec-31,ics_auth - Card Authorization,20251111,6:02:20,100,Approved,"{""countryName"":""United States"",""currencyCode"":""840"",""currencyName"":""US Dollar"",""currencyNumber"":""840"",""decimalPlaces"":2}",FALSE,016153570198200,API https://apitest.cybersource.com/tss/v2/transactions/7628409402436310204805,7628409402436310204805,FALSE,20251111,8a62d480-b696-466d-85e4-f0d7665bd20b,20251110.1,,Y,831000,,411111,,,,,,
cybersource:authorization,7628436638136877004807,070d5eb1-93e7-4c13-98b8-ecbc08a8bf44,salequicktest001,VI,Visa,credit card,411111xxxxxx1111,1111,Dec-31,ics_auth - Card Authorization,20251111,6:47:43,100,Approved,"{""countryName"":""United States"",""currencyCode"":""840"",""currencyName"":""US Dollar"",""currencyNumber"":""840"",""decimalPlaces"":2}",FALSE,016153570198200,API https://apitest.cybersource.com/tss/v2/transactions/7628436638136877004807,7628436638136877004807,FALSE,20251111,290b8932-38ca-467a-986d-57adff6194da,20251110.1,,Y,831000,,411111,,,,,,
cybersource:authorization,7628428818226804704806,9a67c10b-37e6-4741-83db-7853f06e3286,salequicktest001,VI,Visa,credit card,411111xxxxxx1111,1111,Dec-31,ics_auth - Card Authorization,20251111,6:34:41,100,Approved,"{""countryName"":""United States"",""currencyCode"":""840"",""currencyName"":""US Dollar"",""currencyNumber"":""840"",""decimalPlaces"":2}",FALSE,016153570198200,API https://apitest.cybersource.com/tss/v2/transactions/7628428818226804704806,7628428818226804704806,FALSE,20251111,ab19a286-69fc-4228-8f5d-fa1998c6dfde,20251110.1,,Y,831000,,411111,,,,,,
cybersource:authorization,7628452132246978904807,f34ba2ed-0371-4e24-b1ba-f38c48bbf900,salequicktest001,MC,Mastercard,credit card,555555xxxxxx4444,4444,Dec-31,ics_auth - Card Authorization,20251111,7:13:33,100,Approved,"{""countryName"":""United States"",""currencyCode"":""840"",""currencyName"":""US Dollar"",""currencyNumber"":""840"",""decimalPlaces"":2}",FALSE,1111MCC247947  ,API https://apitest.cybersource.com/tss/v2/transactions/7628452132246978904807,7628452132246978904807,FALSE,20251111,5a65de33-ed73-4704-845b-8050adc0b2a9,20251110.1,M - Card verification number matched.,Y,831000,,555555,,,,,,
cybersource:authorization,7628448313586501604805,c22ecc3e-c212-43ff-aa37-aa3d16a9f58e,salequicktest001,VI,Visa,credit card,411111xxxxxx1111,1111,Dec-31,ics_auth - Card Authorization,20251111,7:07:11,100,Approved,"{""countryName"":""United States"",""currencyCode"":""840"",""currencyName"":""US Dollar"",""currencyNumber"":""840"",""decimalPlaces"":2}",FALSE,016153570198200,API https://apitest.cybersource.com/tss/v2/transactions/7628448313586501604805,7628448313586501604805,FALSE,20251111,086018c8-2a6a-4f58-a4cf-b8d2b74bc1d9,20251110.1,,Y,831000,,411111,,,,,,
cybersource:authorization,7628514629976537003814,722ae837-4077-43dd-a613-8bd5ed032313,paydalatest001,VI,Visa,credit card,400000xxxxxx1000,1000,Jan-27,ics_auth - Card Authorization,20251111,8:57:43,102.21,Approved,"{""countryName"":""United States"",""currencyCode"":""840"",""currencyName"":""US Dollar"",""currencyNumber"":""840"",""decimalPlaces"":2}",FALSE,016153570198200,API https://apitest.cybersource.com/tss/v2/transactions/7628514629976537003814,7628514629976537003814,FALSE,20251111,9d3b6b15-849a-4d1e-9381-0b0448d3e491,20251110.1,,Y,831000,,400000,,,,,,
cybersource:authorization,17628480185030029999500030,ca645556-53cd-4e75-8654-f83a7cd7282b,crest_test001,VI,Visa,credit card,411111xxxxxx1111,1111,Dec-28,ics_auth - Card Authorization,20251111,8:00:22,63.25,Approved,"{""countryName"":""United States"",""currencyCode"":""840"",""currencyName"":""US Dollar"",""currencyNumber"":""840"",""decimalPlaces"":2}",FALSE,016153570198200,API https://apitest.cybersource.com/tss/v2/transactions/17628480185030029999500030,7628480185030029999500030,FALSE,20251111,11fd6299-1d81-4e08-9aaf-db0a058356c8,20251110.1,,1,831000,,411111,,,,,,
cybersource:authorization,7628512995696674403813,06861764-2005-49bd-ae15-a662fbc5acc2,paydalatest001,,,,xxxxxx,,/,ics_auth - Card Authorization,20251111,8:54:59,0,Declined,"{""countryName"":""United States"",""currencyCode"":""840"",""currencyName"":""US Dollar"",""currencyNumber"":""840"",""decimalPlaces"":2}",TRUE,,API https://apitest.cybersource.com/tss/v2/transactions/7628512995696674403813,,FALSE,20251111,6d4ac8f2-54c7-4d7d-9618-fe1c3294d014,20251110.1,,,,,,,,,,,
cybersource:authorization,7628510691596454003814,b42521f5-ac4a-47b2-af01-4280879ef586,paydalatest001,VI,Visa,credit card,400000xxxxxx1000,1000,Jan-27,ics_auth - Card Authorization,20251111,8:51:09,5,Approved,"{""countryName"":""United States"",""currencyCode"":""840"",""currencyName"":""US Dollar"",""currencyNumber"":""840"",""decimalPlaces"":2}",FALSE,016153570198200,API https://apitest.cybersource.com/tss/v2/transactions/7628510691596454003814,7628510691596454003814,FALSE,20251111,81abeb17-0674-42bd-9596-3fa2daac6bd1,20251110.1,,Y,831000,,400000,,,,,,
cybersource:authorization,17628480183630029999500021,04bfa36f-5a60-4282-a08f-849dd8f744d7,crest_test001,VI,Visa,credit card,411111xxxxxx1111,1111,Dec-26,ics_auth - Card Authorization,20251111,8:00:22,20,Approved,"{""countryName"":""United States"",""currencyCode"":""840"",""currencyName"":""US Dollar"",""currencyNumber"":""840"",""decimalPlaces"":2}",FALSE,016153570198200,API https://apitest.cybersource.com/tss/v2/transactions/17628480183630029999500021,7628480183630029999500021,FALSE,20251111,35e57e30-f867-4447-94ee-ca80bbef3b71,20251110.1,,Y,831000,,411111,,,,,,
cybersource:authorization,7628505448896481004807,dae2f408-0d87-40a1-9a2b-922c69160c49,9.601E+11,PD,,debit card,401704xxxxxx4265,4265,30-Nov,ics_pin_debit_purchase - PIN Debit Purchase,20251111,8:42:25,0.01,Declined,"{""countryName"":""United States"",""currencyCode"":""840"",""currencyName"":""US Dollar"",""currencyNumber"":""840"",""decimalPlaces"":2}",FALSE,,API https://apitest.cybersource.com/tss/v2/transactions/7628505448896481004807,,FALSE,20251111,b1b8f38e-d8d7-4e24-bbf8-c0af034be6f6,20251110.1,,,,70000505,401704,contact,No,E002,E0021002000000,E002 WNB Retail,WOODFOREST TEST MID
cybersource:authorization,7628544342286240803814,9071cea4-9196-421c-a013-a5be02ff637e,salequicktest001,MC,Mastercard,credit card,xxxxxx4444,4444,Dec-31,ics_credit - Card Credit,20251111,9:47:14,100,Approved,"{""countryName"":""United States"",""currencyCode"":""840"",""currencyName"":""US Dollar"",""currencyNumber"":""840"",""decimalPlaces"":2}",FALSE,1111MCC247947  ,API https://apitest.cybersource.com/tss/v2/transactions/7628544342286240803814,7628452132246978904807,FALSE,20251111,fcd4bad9-730f-4776-9dbe-a1c99f67b969,20251110.1,,,,,,,,,,,
cybersource:authorization,7628557233086078003813,2dcfa9f4-475b-416b-b2e4-632ddb32e773,paydalatest001,VI,Visa,credit card,400000xxxxxx1000,1000,Jan-27,ics_auth - Card Authorization,20251111,10:08:43,5,Approved,"{""countryName"":""United States"",""currencyCode"":""840"",""currencyName"":""US Dollar"",""currencyNumber"":""840"",""decimalPlaces"":2}",FALSE,016153570198200,API https://apitest.cybersource.com/tss/v2/transactions/7628557233086078003813,7628557233086078003813,FALSE,20251111,efdd91d9-7134-41bf-af40-e169c0d31f81,20251110.1,,Y,831000,,400000,,,,,,
cybersource:authorization,7628619379576914804806,31441f5f-06d0-46e6-a1ec-62e1dc0d085e,9.601E+11,,,,xxxxxx,,/,ics_payment_cancel,20251111,11:52:18,0,Declined,"{""countryName"":""United States"",""currencyCode"":""840"",""currencyName"":""US Dollar"",""currencyNumber"":""840"",""decimalPlaces"":2}",TRUE,,API https://apitest.cybersource.com/tss/v2/transactions/7628619379576914804806,,FALSE,20251111,71bfdf35-bf4d-45ee-bbeb-9293d720c0af,20251110.1,,,,,,,,E002,E0021002000000,E002 WNB Retail,WOODFOREST TEST MID
cybersource:authorization,7628604890126809404806,4227b291-dea9-4992-af5a-c549a7a1b6be,9.601E+11,VI,Visa,credit card,411111xxxxxx1111,1111,Dec-28,ics_auth - Card Authorization,20251111,11:28:09,10,Approved,"{""countryName"":""United States"",""currencyCode"":""840"",""currencyName"":""US Dollar"",""currencyNumber"":""840"",""decimalPlaces"":2}",FALSE,016153570198200,API https://apitest.cybersource.com/tss/v2/transactions/7628604890126809404806,1.11657E+11,FALSE,20251111,1979a7bf-f2c6-44c6-8732-0fbeec5f77c4,20251110.1,M - Card verification number matched.,Y,831000,70000504,411111,keyed,Yes,E002,E0021002000000,E002 WNB Retail,WOODFOREST TEST MID
cybersource:authorization,7628618118813232241656,fc117da8-0ff5-4d66-aa23-bd6d1ff88d11,9.601E+11,,,,xxxxxx,,/,ics_void - Voided Transactions,20251111,11:50:11,0,Declined,"{""countryName"":""United States"",""currencyCode"":""840"",""currencyName"":""US Dollar"",""currencyNumber"":""840"",""decimalPlaces"":2}",TRUE,,API https://apitest.cybersource.com/tss/v2/transactions/7628618118813232241656,,FALSE,20251111,fddb026b-ac81-4d4b-a01e-3ff3b491be1d,20251110.1,,,,,,,,E002,E0021002000000,E002 WNB Retail,WOODFOREST TEST MID
cybersource:authorization,7628606940076530304807,a8adb324-86e8-4a54-a621-cfa2b6a792c7,9.601E+11,VI,Visa,credit card,482028xxxxxx8167,8167,Apr-33,ics_credit - Card Credit,20251111,11:31:34,11.5,Declined,"{""countryName"":""United States"",""currencyCode"":""840"",""currencyName"":""US Dollar"",""currencyNumber"":""840"",""decimalPlaces"":2}",FALSE,,API https://apitest.cybersource.com/tss/v2/transactions/7628606940076530304807,1.11701E+11,FALSE,20251111,8394a45f-5289-4e2d-ba3b-5cbf3ba65ea5,20251110.1,,,,50002709,482028,contactless,No,E002,E0021002000000,E002 WNB Retail,WOODFOREST TEST MID
cybersource:authorization,7628605978926473004807,7939a56a-055b-4e81-9c68-35e7064ee3ba,9.601E+11,VI,Visa,credit card,401704xxxxxx4265,4265,30-Nov,ics_auth - Card Authorization,20251111,11:29:57,0,Approved,"{""countryName"":""United States"",""currencyCode"":""840"",""currencyName"":""US Dollar"",""currencyNumber"":""840"",""decimalPlaces"":2}",FALSE,016153570198200,API https://apitest.cybersource.com/tss/v2/transactions/7628605978926473004807,1.117E+11,FALSE,20251111,6152dbd8-c477-470d-8c29-c4e3a51ae5d4,20251110.1,,2,831000,70000501,401704,contactless,No,E002,E0021002000000,E002 WNB Retail,WOODFOREST TEST MID
cybersource:authorization,7628607507156943404806,5062bdf7-20dc-4c05-88c3-834d9b7c61ea,9.601E+11,VI,Visa,credit card,411111xxxxxx1111,1111,Dec-28,ics_auth - Card Authorization,20251111,11:32:30,26.45,Approved,"{""countryName"":""United States"",""currencyCode"":""840"",""currencyName"":""US Dollar"",""currencyNumber"":""840"",""decimalPlaces"":2}",FALSE,016153570198200,API https://apitest.cybersource.com/tss/v2/transactions/7628607507156943404806,1.11702E+11,FALSE,20251111,14fc157a-81d2-4bb4-a087-5f5725a05e83,20251110.1,M - Card verification number matched.,Y,831000,50002709,411111,keyed,Yes,E002,E0021002000000,E002 WNB Retail,WOODFOREST TEST MID
cybersource:authorization,7628619326756497904807,7709f6a7-5e9b-49c2-9f55-ac2ba586ed61,trident1007,VI,Visa,credit card,411111xxxxxx1111,1111,Sep-35,ics_auth - Card Authorization,20251111,11:52:12,52,Approved,"{""countryName"":""United States"",""currencyCode"":""840"",""currencyName"":""US Dollar"",""currencyNumber"":""840"",""decimalPlaces"":2}",FALSE,016153570198200,API https://apitest.cybersource.com/tss/v2/transactions/7628619326756497904807,7628619326756497904807,FALSE,20251111,4fe01c8e-6ab6-491f-b38b-95ee26c470f2,20251110.1,M - Card verification number matched.,Y,831000,,411111,,,,,,
cybersource:authorization,7628605359763232238442,12253c90-aa3e-4beb-a848-ed6e85419599,9.601E+11,,,,xxxxxx,,/,ics_void - Voided Transactions,20251111,11:28:56,0,Declined,"{""countryName"":""United States"",""currencyCode"":""840"",""currencyName"":""US Dollar"",""currencyNumber"":""840"",""decimalPlaces"":2}",TRUE,,API https://apitest.cybersource.com/tss/v2/transactions/7628605359763232238442,,FALSE,20251111,5421f55a-f76a-42b8-884d-900459c086ab,20251110.1,,,,,,,,E002,E0021002000000,E002 WNB Retail,WOODFOREST TEST MID
cybersource:authorization,7628597079376907604807,212bee76-1fa0-4f68-8b3e-e3ea54b86bde,9.601E+11,VI,Visa,credit card,401704xxxxxx4265,4265,30-Nov,ics_auth - Card Authorization,20251111,11:15:08,1,Approved,"{""countryName"":""United States"",""currencyCode"":""840"",""currencyName"":""US Dollar"",""currencyNumber"":""840"",""decimalPlaces"":2}",FALSE,016153570198200,API https://apitest.cybersource.com/tss/v2/transactions/7628597079376907604807,1.11644E+11,FALSE,20251111,abfb8f4c-66b4-4cf2-9359-4d0397c125e6,20251110.1,,Y,831000,70000504,401704,contactless,No,E002,E0021002000000,E002 WNB Retail,WOODFOREST TEST MID
cybersource:authorization,7628597621163232273495,0cd0a822-d2eb-4581-9ed2-5371050216ae,9.601E+11,,,,xxxxxx,,/,ics_auto_void_auth_reversal - Authorization Reversal after Void,20251111,11:16:02,0,Approved,"{""countryName"":""United States"",""currencyCode"":""840"",""currencyName"":""US Dollar"",""currencyNumber"":""840"",""decimalPlaces"":2}",TRUE,,API https://apitest.cybersource.com/tss/v2/transactions/7628597621163232273495,1.11644E+11,FALSE,20251111,bba4e255-67a4-4728-89b8-56c3715b1505,20251110.1,,,,,,,,E002,E0021002000000,E002 WNB Retail,WOODFOREST TEST MID
cybersource:authorization,7628613047473232236083,9357f743-3bf1-4414-84f8-9bfe1350a81a,9.601E+11,,,,xxxxxx,,/,ics_auto_void_auth_reversal - Authorization Reversal after Void,20251111,11:41:44,0,Approved,"{""countryName"":""United States"",""currencyCode"":""840"",""currencyName"":""US Dollar"",""currencyNumber"":""840"",""decimalPlaces"":2}",TRUE,,API https://apitest.cybersource.com/tss/v2/transactions/7628613047473232236083,1.11711E+11,FALSE,20251111,b09b161c-f2ab-4167-9770-ced75a79861b,20251110.1,,,,,,,,E002,E0021002000000,E002 WNB Retail,WOODFOREST TEST MID
cybersource:authorization,7628611028266084204806,7f76ed9f-cd06-4fbf-bd2f-92dec87e99ff,9.601E+11,VI,Visa,credit card,431581xxxxxx0000,0000,30-Apr,ics_auth - Card Authorization,20251111,11:38:22,3,Approved,"{""countryName"":""United States"",""currencyCode"":""840"",""currencyName"":""US Dollar"",""currencyNumber"":""840"",""decimalPlaces"":2}",FALSE,016153570198200,API https://apitest.cybersource.com/tss/v2/transactions/7628611028266084204806,1.11709E+11,FALSE,20251111,cbf37d15-9222-4a67-9b42-6bc9ba786bd2,20251110.1,,Y,831000,70000501,431581,contactless,No,E002,E0021002000000,E002 WNB Retail,WOODFOREST TEST MID
cybersource:authorization,7628605680276440204805,fc079594-68a8-479a-ac86-e2f17cf3ee97,9.601E+11,VI,Visa,credit card,482028xxxxxx8167,8167,Apr-33,ics_auth - Card Authorization,20251111,11:29:28,23,Approved,"{""countryName"":""United States"",""currencyCode"":""840"",""currencyName"":""US Dollar"",""currencyNumber"":""840"",""decimalPlaces"":2}",FALSE,016153570198200,API https://apitest.cybersource.com/tss/v2/transactions/7628605680276440204805,1.11659E+11,FALSE,20251111,a95031a1-d9f8-4bcd-9e44-b37f0469bfd5,20251110.1,,Y,831000,50002709,482028,contactless,No,E002,E0021002000000,E002 WNB Retail,WOODFOREST TEST MID
cybersource:authorization,7628605108953232238442,c90931c0-5d03-459e-958e-b86fad1a5d21,9.601E+11,,,,xxxxxx,,/,ics_void - Voided Transactions,20251111,11:28:30,0,Declined,"{""countryName"":""United States"",""currencyCode"":""840"",""currencyName"":""US Dollar"",""currencyNumber"":""840"",""decimalPlaces"":2}",TRUE,,API https://apitest.cybersource.com/tss/v2/transactions/7628605108953232238442,,FALSE,20251111,647224cc-1c47-4248-997c-7d6cc95a54c0,20251110.1,,,,,,,,E002,E0021002000000,E002 WNB Retail,WOODFOREST TEST MID
cybersource:authorization,7628611982086731104807,3736de84-e9c4-47a3-8b6e-f821a0b4eccd,9.601E+11,VI,Visa,credit card,431581xxxxxx0000,0000,30-Apr,ics_auth - Card Authorization,20251111,11:39:58,0,Approved,"{""countryName"":""United States"",""currencyCode"":""840"",""currencyName"":""US Dollar"",""currencyNumber"":""840"",""decimalPlaces"":2}",FALSE,016153570198200,API https://apitest.cybersource.com/tss/v2/transactions/7628611982086731104807,1.1171E+11,FALSE,20251111,25601d96-586a-4548-8d18-ef6bb1d837d6,20251110.1,,2,831000,70000501,431581,contactless,No,E002,E0021002000000,E002 WNB Retail,WOODFOREST TEST MID
cybersource:authorization,7628607370226553204807,43a60599-6ce3-4a0e-866f-23c271de8eb0,9.601E+11,VI,Visa,credit card,401704xxxxxx4265,4265,30-Nov,ics_auth - Card Authorization,20251111,11:32:17,0,Approved,"{""countryName"":""United States"",""currencyCode"":""840"",""currencyName"":""US Dollar"",""currencyNumber"":""840"",""decimalPlaces"":2}",FALSE,016153570198200,API https://apitest.cybersource.com/tss/v2/transactions/7628607370226553204807,1.11703E+11,FALSE,20251111,d1620024-f334-478b-9636-2877d1c56eec,20251110.1,,2,831000,70000501,401704,contactless,No,E002,E0021002000000,E002 WNB Retail,WOODFOREST TEST MID
cybersource:authorization,7628618476726416804807,8207dd94-b0f6-4028-94e1-7ee66ef66bbe,9.601E+11,VI,Visa,credit card,401704xxxxxx4265,4265,30-Nov,ics_credit - Card Credit,20251111,11:50:47,0.03,Declined,"{""countryName"":""United States"",""currencyCode"":""840"",""currencyName"":""US Dollar"",""currencyNumber"":""840"",""decimalPlaces"":2}",FALSE,,API https://apitest.cybersource.com/tss/v2/transactions/7628618476726416804807,1.1172E+11,FALSE,20251111,45525cea-b87a-4cac-a31d-8e242f469360,20251110.1,,,,70000501,401704,contactless,No,E002,E0021002000000,E002 WNB Retail,WOODFOREST TEST MID
cybersource:authorization,7628612509876782304805,ec8380dc-7e1e-49de-a961-3ad7363e89be,9.601E+11,VI,Visa,credit card,431581xxxxxx0000,0000,30-Apr,ics_auth - Card Authorization,20251111,11:40:51,0.01,Approved,"{""countryName"":""United States"",""currencyCode"":""840"",""currencyName"":""US Dollar"",""currencyNumber"":""840"",""decimalPlaces"":2}",FALSE,016153570198200,API https://apitest.cybersource.com/tss/v2/transactions/7628612509876782304805,1.11711E+11,FALSE,20251111,3d446bbc-b7ba-4c27-917d-a0531d645ebf,20251110.1,,Y,831000,70000501,431581,contactless,No,E002,E0021002000000,E002 WNB Retail,WOODFOREST TEST MID
cybersource:authorization,7628605150463232273495,980404ed-ead0-4367-a501-8ff76dadc958,9.601E+11,,,,xxxxxx,,/,ics_auto_void_auth_reversal - Authorization Reversal after Void,20251111,11:28:35,0,Approved,"{""countryName"":""United States"",""currencyCode"":""840"",""currencyName"":""US Dollar"",""currencyNumber"":""840"",""decimalPlaces"":2}",TRUE,,API https://apitest.cybersource.com/tss/v2/transactions/7628605150463232273495,1.11657E+11,FALSE,20251111,ba7e1aba-9fcc-4d50-95e9-7590e7776e67,20251110.1,,,,,,,,E002,E0021002000000,E002 WNB Retail,WOODFOREST TEST MID
cybersource:authorization,7628618035376370204805,96778926-35b1-4224-86b6-e701b169b0ff,9.601E+11,,,,xxxxxx,,/,ics_payment_cancel,20251111,11:50:03,0,Declined,"{""countryName"":""United States"",""currencyCode"":""840"",""currencyName"":""US Dollar"",""currencyNumber"":""840"",""decimalPlaces"":2}",TRUE,,API https://apitest.cybersource.com/tss/v2/transactions/7628618035376370204805,,FALSE,20251111,9bf9c070-72e7-4af5-895d-b4f999281112,20251110.1,,,,,,,,E002,E0021002000000,E002 WNB Retail,WOODFOREST TEST MID
cybersource:authorization,7628594366256773104807,059226df-ec4c-433b-9bec-95c6e5d3edde,9.601E+11,VI,Visa,credit card,483086xxxxxx7911,7911,31-May,ics_auth - Card Authorization,20251111,11:10:36,24.6,Approved,"{""countryName"":""United States"",""currencyCode"":""840"",""currencyName"":""US Dollar"",""currencyNumber"":""840"",""decimalPlaces"":2}",FALSE,016153570198200,API https://apitest.cybersource.com/tss/v2/transactions/7628594366256773104807,1.1164E+11,FALSE,20251111,1338efe9-3dc0-442e-9a8a-e8a6ebdf43c0,20251110.1,,Y,831000,70000505,483086,contact,No,E002,E0021002000000,E002 WNB Retail,WOODFOREST TEST MID
cybersource:authorization,7628605107426441804807,7fdbd095-3b91-47c5-b94b-f2b809b2f568,9.601E+11,,,,xxxxxx,,/,ics_payment_cancel,20251111,11:28:30,0,Declined,"{""countryName"":""United States"",""currencyCode"":""840"",""currencyName"":""US Dollar"",""currencyNumber"":""840"",""decimalPlaces"":2}",TRUE,,API https://apitest.cybersource.com/tss/v2/transactions/7628605107426441804807,,FALSE,20251111,aec1cca0-0867-4210-ac73-b6c2d077803b,20251110.1,,,,,,,,E002,E0021002000000,E002 WNB Retail,WOODFOREST TEST MID
cybersource:authorization,7628606356603232241655,da8f4ea3-a640-4d09-ad99-e36a4dce49b7,9.601E+11,,,,xxxxxx,,/,ics_auto_void_auth_reversal - Authorization Reversal after Void,20251111,11:30:35,0,Approved,"{""countryName"":""United States"",""currencyCode"":""840"",""currencyName"":""US Dollar"",""currencyNumber"":""840"",""decimalPlaces"":2}",TRUE,,API https://apitest.cybersource.com/tss/v2/transactions/7628606356603232241655,1.11659E+11,FALSE,20251111,b00cf2da-7323-48b6-a5ba-06c29148146d,20251110.1,,,,,,,,E002,E0021002000000,E002 WNB Retail,WOODFOREST TEST MID
cybersource:authorization,7628604331956790404806,8cd33652-4ada-4554-9643-c3237b817203,9.601E+11,VI,Visa,credit card,483086xxxxxx7911,7911,31-May,ics_auth - Card Authorization,20251111,11:27:13,17.69,Approved,"{""countryName"":""United States"",""currencyCode"":""840"",""currencyName"":""US Dollar"",""currencyNumber"":""840"",""decimalPlaces"":2}",FALSE,016153570198200,API https://apitest.cybersource.com/tss/v2/transactions/7628604331956790404806,1.11657E+11,FALSE,20251111,2497538e-29ed-47fe-bc98-bdd280a00330,20251110.1,,Y,831000,70000504,483086,contact,No,E002,E0021002000000,E002 WNB Retail,WOODFOREST TEST MID
cybersource:authorization,7628606353636470104805,9c36cdf4-8bca-467c-9ade-55cb8acc5349,9.601E+11,,,,xxxxxx,,/,ics_payment_cancel,20251111,11:30:35,0,Declined,"{""countryName"":""United States"",""currencyCode"":""840"",""currencyName"":""US Dollar"",""currencyNumber"":""840"",""decimalPlaces"":2}",TRUE,,API https://apitest.cybersource.com/tss/v2/transactions/7628606353636470104805,,FALSE,20251111,8673ae05-d587-40c7-8b9c-4c948e32a757,20251110.1,,,,,,,,E002,E0021002000000,E002 WNB Retail,WOODFOREST TEST MID
cybersource:authorization,7628613134716847004807,fa752d97-37ba-4522-9986-45ac00235c43,9.601E+11,,,,xxxxxx,,/,ics_payment_cancel,20251111,11:41:53,0,Declined,"{""countryName"":""United States"",""currencyCode"":""840"",""currencyName"":""US Dollar"",""currencyNumber"":""840"",""decimalPlaces"":2}",TRUE,,API https://apitest.cybersource.com/tss/v2/transactions/7628613134716847004807,,FALSE,20251111,563eeb48-2848-4143-96d9-8a6c5b872f2e,20251110.1,,,,,,,,E002,E0021002000000,E002 WNB Retail,WOODFOREST TEST MID
cybersource:authorization,7628618039493232273495,a9ca814d-23b0-48c7-9c71-f4d6d5babb72,9.601E+11,,,,xxxxxx,,/,ics_auto_void_auth_reversal - Authorization Reversal after Void,20251111,11:50:03,0,Approved,"{""countryName"":""United States"",""currencyCode"":""840"",""currencyName"":""US Dollar"",""currencyNumber"":""840"",""decimalPlaces"":2}",TRUE,,API https://apitest.cybersource.com/tss/v2/transactions/7628618039493232273495,1.11719E+11,FALSE,20251111,f9271fe7-71bb-44a9-92a8-43929fb17696,20251110.1,,,,,,,,E002,E0021002000000,E002 WNB Retail,WOODFOREST TEST MID
cybersource:authorization,7628602736656660304806,62b9022c-665d-4ad6-aa6d-0bf60fb0bb6c,9.601E+11,VI,Visa,credit card,483086xxxxxx7911,7911,31-May,ics_auth - Card Authorization,20251111,11:24:33,27.69,Approved,"{""countryName"":""United States"",""currencyCode"":""840"",""currencyName"":""US Dollar"",""currencyNumber"":""840"",""decimalPlaces"":2}",FALSE,016153570198200,API https://apitest.cybersource.com/tss/v2/transactions/7628602736656660304806,1.11654E+11,FALSE,20251111,cca1a4c5-8881-4b47-905e-dae31a74b9e2,20251110.1,,Y,831000,70000504,483086,contact,No,E002,E0021002000000,E002 WNB Retail,WOODFOREST TEST MID
cybersource:authorization,7628619382843232273495,89c756d9-1412-41d0-bf8f-633c01c6c9fb,9.601E+11,,,,xxxxxx,,/,ics_auto_void_auth_reversal - Authorization Reversal after Void,20251111,11:52:18,0,Approved,"{""countryName"":""United States"",""currencyCode"":""840"",""currencyName"":""US Dollar"",""currencyNumber"":""840"",""decimalPlaces"":2}",TRUE,,API https://apitest.cybersource.com/tss/v2/transactions/7628619382843232273495,1.11721E+11,FALSE,20251111,2c31c22a-8711-4ed9-9cbd-b1cf34282bc0,20251110.1,,,,,,,,E002,E0021002000000,E002 WNB Retail,WOODFOREST TEST MID
cybersource:authorization,7628618120423232236083,db01af2f-c831-41a0-83e4-be3ac9a8b3fc,9.601E+11,,,,xxxxxx,,/,ics_auto_void_auth_reversal - Authorization Reversal after Void,20251111,11:50:12,0,Approved,"{""countryName"":""United States"",""currencyCode"":""840"",""currencyName"":""US Dollar"",""currencyNumber"":""840"",""decimalPlaces"":2}",TRUE,,API https://apitest.cybersource.com/tss/v2/transactions/7628618120423232236083,1.11718E+11,FALSE,20251111,4b188e59-2dc9-49c1-878b-d584a833edac,20251110.1,,,,,,,,E002,E0021002000000,E002 WNB Retail,WOODFOREST TEST MID
cybersource:authorization,7628597617386962004807,158cc896-ae63-4469-9d64-fb4f82c2e56c,9.601E+11,,,,xxxxxx,,/,ics_payment_cancel,20251111,11:16:01,0,Declined,"{""countryName"":""United States"",""currencyCode"":""840"",""currencyName"":""US Dollar"",""currencyNumber"":""840"",""decimalPlaces"":2}",TRUE,,API https://apitest.cybersource.com/tss/v2/transactions/7628597617386962004807,,FALSE,20251111,31de830f-3463-4132-a132-5020316eaa08,20251110.1,,,,,,,,E002,E0021002000000,E002 WNB Retail,WOODFOREST TEST MID
cybersource:authorization,7628603410456687604806,661d4933-ce6b-424a-a25b-eb6e2e80e2a8,9.601E+11,VI,Visa,credit card,483086xxxxxx7911,7911,31-May,ics_credit - Card Credit,20251111,11:25:41,27.69,Declined,"{""countryName"":""United States"",""currencyCode"":""840"",""currencyName"":""US Dollar"",""currencyNumber"":""840"",""decimalPlaces"":2}",FALSE,,API https://apitest.cybersource.com/tss/v2/transactions/7628603410456687604806,1.11655E+11,FALSE,20251111,3fa953d5-22f0-4efd-b91f-609c796dfd4c,20251110.1,,,,70000504,483086,contact,No,E002,E0021002000000,E002 WNB Retail,WOODFOREST TEST MID
cybersource:authorization,7628598020506005804807,f1524568-ee4c-4064-84c2-f8babd5adcae,9.601E+11,VI,Visa,credit card,401704xxxxxx4265,4265,30-Nov,ics_credit - Card Credit,20251111,11:16:42,5,Declined,"{""countryName"":""United States"",""currencyCode"":""840"",""currencyName"":""US Dollar"",""currencyNumber"":""840"",""decimalPlaces"":2}",FALSE,,API https://apitest.cybersource.com/tss/v2/transactions/7628598020506005804807,1.11646E+11,FALSE,20251111,1e3885a9-4580-4b92-9121-b1cb669b83d8,20251110.1,,,,70000504,401704,contactless,No,E002,E0021002000000,E002 WNB Retail,WOODFOREST TEST MID
cybersource:authorization,7628605361123232238431,e03a6eaf-1a67-4e89-86e6-597513b6c349,9.601E+11,,,,xxxxxx,,/,ics_auto_void_auth_reversal - Authorization Reversal after Void,20251111,11:28:56,0,Approved,"{""countryName"":""United States"",""currencyCode"":""840"",""currencyName"":""US Dollar"",""currencyNumber"":""840"",""decimalPlaces"":2}",TRUE,,API https://apitest.cybersource.com/tss/v2/transactions/7628605361123232238431,1.11652E+11,FALSE,20251111,d0e0254e-d747-40bf-adb7-1ea4c5320aff,20251110.1,,,,,,,,E002,E0021002000000,E002 WNB Retail,WOODFOREST TEST MID
cybersource:authorization,7628613045353232273527,22da81cb-f7f6-4de8-a728-a5e6fc052e94,9.601E+11,,,,xxxxxx,,/,ics_void - Voided Transactions,20251111,11:41:44,0,Declined,"{""countryName"":""United States"",""currencyCode"":""840"",""currencyName"":""US Dollar"",""currencyNumber"":""840"",""decimalPlaces"":2}",TRUE,,API https://apitest.cybersource.com/tss/v2/transactions/7628613045353232273527,,FALSE,20251111,069af7ce-84df-4ef0-ad3d-84069a5bfc7e,20251110.1,,,,,,,,E002,E0021002000000,E002 WNB Retail,WOODFOREST TEST MID
cybersource:authorization,7628608029336574104807,7947abcf-e1e6-440a-9f2a-99f83310a38d,9.601E+11,,,,xxxxxx,,/,ics_payment_cancel,20251111,11:33:23,0,Declined,"{""countryName"":""United States"",""currencyCode"":""840"",""currencyName"":""US Dollar"",""currencyNumber"":""840"",""decimalPlaces"":2}",TRUE,,API https://apitest.cybersource.com/tss/v2/transactions/7628608029336574104807,,FALSE,20251111,30a14383-ba49-451d-bdaa-00826b14a19f,20251110.1,,,,,,,,E002,E0021002000000,E002 WNB Retail,WOODFOREST TEST MID
cybersource:authorization,7628610571406671004807,e55f247c-9e87-4b56-9cc8-5142492fe242,9.601E+11,VI,Visa,credit card,431581xxxxxx0000,0000,30-Apr,ics_auth - Card Authorization,20251111,11:37:37,0,Approved,"{""countryName"":""United States"",""currencyCode"":""840"",""currencyName"":""US Dollar"",""currencyNumber"":""840"",""decimalPlaces"":2}",FALSE,016153570198200,API https://apitest.cybersource.com/tss/v2/transactions/7628610571406671004807,1.11708E+11,FALSE,20251111,1f328bf1-900f-455c-9da1-d1f849b58e78,20251110.1,,2,831000,70000501,431581,contactless,No,E002,E0021002000000,E002 WNB Retail,WOODFOREST TEST MID
cybersource:authorization,7628605358226429204805,65ca01f6-6eb5-47dc-97a8-6fa9f2531c5a,9.601E+11,,,,xxxxxx,,/,ics_payment_cancel,20251111,11:28:55,0,Declined,"{""countryName"":""United States"",""currencyCode"":""840"",""currencyName"":""US Dollar"",""currencyNumber"":""840"",""decimalPlaces"":2}",TRUE,,API https://apitest.cybersource.com/tss/v2/transactions/7628605358226429204805,,FALSE,20251111,6790be28-64f2-4116-8873-8998f4432d7a,20251110.1,,,,,,,,E002,E0021002000000,E002 WNB Retail,WOODFOREST TEST MID
cybersource:authorization,7628610247996658904807,ab72c907-4e40-4f16-9e2b-04d6669d8569,9.601E+11,VI,Visa,credit card,401704xxxxxx4265,4265,30-Nov,ics_auth - Card Authorization,20251111,11:37:04,0,Approved,"{""countryName"":""United States"",""currencyCode"":""840"",""currencyName"":""US Dollar"",""currencyNumber"":""840"",""decimalPlaces"":2}",FALSE,016153570198200,API https://apitest.cybersource.com/tss/v2/transactions/7628610247996658904807,1.11707E+11,FALSE,20251111,ab39e556-860c-4eaa-9086-749e45d441f2,20251110.1,,2,831000,70000501,401704,contactless,No,E002,E0021002000000,E002 WNB Retail,WOODFOREST TEST MID
cybersource:authorization,7628617169496274004807,c92096b4-d475-4a61-9a7d-9eccb73fdc4d,9.601E+11,VI,Visa,credit card,401704xxxxxx4265,4265,30-Nov,ics_auth - Card Authorization,20251111,11:48:37,1.05,Approved,"{""countryName"":""United States"",""currencyCode"":""840"",""currencyName"":""US Dollar"",""currencyNumber"":""840"",""decimalPlaces"":2}",FALSE,016153570198200,API https://apitest.cybersource.com/tss/v2/transactions/7628617169496274004807,1.11718E+11,FALSE,20251111,16438379-b497-467f-889e-fc838932727d,20251110.1,,Y,831000,70000501,401704,contactless,No,E002,E0021002000000,E002 WNB Retail,WOODFOREST TEST MID
cybersource:authorization,7628608033283232280299,51d6b9b6-345e-4501-945c-49df11dd6a4c,9.601E+11,,,,xxxxxx,,/,ics_auto_void_auth_reversal - Authorization Reversal after Void,20251111,11:33:23,0,Approved,"{""countryName"":""United States"",""currencyCode"":""840"",""currencyName"":""US Dollar"",""currencyNumber"":""840"",""decimalPlaces"":2}",TRUE,,API https://apitest.cybersource.com/tss/v2/transactions/7628608033283232280299,1.11702E+11,FALSE,20251111,6e23ffa5-31d1-4b77-993a-9dc70997b368,20251110.1,,,,,,,,E002,E0021002000000,E002 WNB Retail,WOODFOREST TEST MID
cybersource:authorization,7628598320956037904807,3d22b410-8a66-4eb6-a775-5282d984ed27,9.601E+11,VI,Visa,credit card,483086xxxxxx7911,7911,31-May,ics_auth - Card Authorization,20251111,11:17:12,24.6,Approved,"{""countryName"":""United States"",""currencyCode"":""840"",""currencyName"":""US Dollar"",""currencyNumber"":""840"",""decimalPlaces"":2}",FALSE,016153570198200,API https://apitest.cybersource.com/tss/v2/transactions/7628598320956037904807,1.11646E+11,FALSE,20251111,453d212d-8f99-4c92-8128-7c7fdb41006f,20251110.1,,Y,831000,70000505,483086,contact,No,E002,E0021002000000,E002 WNB Retail,WOODFOREST TEST MID
cybersource:authorization,7628597619403232273527,dd9298e8-d800-4f54-9f34-61b2d2fdffb8,9.601E+11,,,,xxxxxx,,/,ics_void - Voided Transactions,20251111,11:16:02,0,Declined,"{""countryName"":""United States"",""currencyCode"":""840"",""currencyName"":""US Dollar"",""currencyNumber"":""840"",""decimalPlaces"":2}",TRUE,,API https://apitest.cybersource.com/tss/v2/transactions/7628597619403232273527,,FALSE,20251111,cdd4020b-248a-4324-987d-0145a973e1ba,20251110.1,,,,,,,,E002,E0021002000000,E002 WNB Retail,WOODFOREST TEST MID
cybersource:authorization,7628619381503232280282,03342291-a069-44d5-83a2-85ad4b776f7f,9.601E+11,,,,xxxxxx,,/,ics_void - Voided Transactions,20251111,11:52:18,0,Declined,"{""countryName"":""United States"",""currencyCode"":""840"",""currencyName"":""US Dollar"",""currencyNumber"":""840"",""decimalPlaces"":2}",TRUE,,API https://apitest.cybersource.com/tss/v2/transactions/7628619381503232280282,,FALSE,20251111,39383fb7-d532-4e10-8ed7-6ea1d71e5590,20251110.1,,,,,,,,E002,E0021002000000,E002 WNB Retail,WOODFOREST TEST MID
cybersource:authorization,7628603032793232280282,1b72ffc6-2898-4fcc-be7a-ec605eedd1a2,9.601E+11,,,,xxxxxx,,/,ics_void - Voided Transactions,20251111,11:25:03,0,Declined,"{""countryName"":""United States"",""currencyCode"":""840"",""currencyName"":""US Dollar"",""currencyNumber"":""840"",""decimalPlaces"":2}",TRUE,,API https://apitest.cybersource.com/tss/v2/transactions/7628603032793232280282,,FALSE,20251111,6584a97d-79dc-4668-b2fe-fa8b160c7268,20251110.1,,,,,,,,E002,E0021002000000,E002 WNB Retail,WOODFOREST TEST MID
cybersource:authorization,7628598995366080604805,a8941d24-e0c9-4a90-a56e-c82a99d0b908,9.601E+11,,,,xxxxxx,,/,ics_payment_cancel,20251111,11:18:19,0,Declined,"{""countryName"":""United States"",""currencyCode"":""840"",""currencyName"":""US Dollar"",""currencyNumber"":""840"",""decimalPlaces"":2}",TRUE,,API https://apitest.cybersource.com/tss/v2/transactions/7628598995366080604805,,FALSE,20251111,bb9fc628-2562-4624-955d-af5e1c88e60e,20251110.1,,,,,,,,E002,E0021002000000,E002 WNB Retail,WOODFOREST TEST MID
cybersource:authorization,7628606355403232238442,869d8b6e-3635-423f-be4f-92de8be3233d,9.601E+11,,,,xxxxxx,,/,ics_void - Voided Transactions,20251111,11:30:35,0,Declined,"{""countryName"":""United States"",""currencyCode"":""840"",""currencyName"":""US Dollar"",""currencyNumber"":""840"",""decimalPlaces"":2}",TRUE,,API https://apitest.cybersource.com/tss/v2/transactions/7628606355403232238442,,FALSE,20251111,2b64566e-fa2b-4790-af5b-7eb8bb27484f,20251110.1,,,,,,,,E002,E0021002000000,E002 WNB Retail,WOODFOREST TEST MID
cybersource:authorization,7628617697866335004805,63aa830e-04be-400c-b558-f300f6cb0ab8,9.601E+11,VI,Visa,credit card,411111xxxxxx1111,1111,Nov-31,ics_auth - Card Authorization,20251111,11:49:29,0.02,Approved,"{""countryName"":""United States"",""currencyCode"":""840"",""currencyName"":""US Dollar"",""currencyNumber"":""840"",""decimalPlaces"":2}",FALSE,016153570198200,API https://apitest.cybersource.com/tss/v2/transactions/7628617697866335004805,1.11719E+11,FALSE,20251111,ef03d538-a4ac-4d62-b82c-41a30305d77c,20251110.1,,Y,831000,70000501,411111,keyed,Yes,E002,E0021002000000,E002 WNB Retail,WOODFOREST TEST MID
cybersource:authorization,7628612297166745304807,bbf91b20-ab65-405c-9d16-7e8bac925035,9.601E+11,VI,Visa,credit card,431581xxxxxx0000,0000,30-Apr,ics_auth - Card Authorization,20251111,11:40:29,1.99,Approved,"{""countryName"":""United States"",""currencyCode"":""840"",""currencyName"":""US Dollar"",""currencyNumber"":""840"",""decimalPlaces"":2}",FALSE,016153570198200,API https://apitest.cybersource.com/tss/v2/transactions/7628612297166745304807,1.11711E+11,FALSE,20251111,7b1d2e93-c32e-4bc0-a063-d15f78ce88bf,20251110.1,,Y,831000,70000501,431581,contactless,No,E002,E0021002000000,E002 WNB Retail,WOODFOREST TEST MID
cybersource:authorization,7628606368146491204807,60b4ef6f-66c6-4a42-a105-4fea9bb8bfaa,9.601E+11,VI,Visa,credit card,401704xxxxxx4265,4265,30-Nov,ics_auth - Card Authorization,20251111,11:30:36,0,Approved,"{""countryName"":""United States"",""currencyCode"":""840"",""currencyName"":""US Dollar"",""currencyNumber"":""840"",""decimalPlaces"":2}",FALSE,016153570198200,API https://apitest.cybersource.com/tss/v2/transactions/7628606368146491204807,1.11701E+11,FALSE,20251111,0f837962-9799-435d-9ee4-704ffcdfcb1a,20251110.1,,2,831000,70000501,401704,contactless,No,E002,E0021002000000,E002 WNB Retail,WOODFOREST TEST MID
cybersource:authorization,7628605148713232241656,ef325a49-5f96-4d16-b964-df6a4e36940f,9.601E+11,,,,xxxxxx,,/,ics_void - Voided Transactions,20251111,11:28:34,0,Declined,"{""countryName"":""United States"",""currencyCode"":""840"",""currencyName"":""US Dollar"",""currencyNumber"":""840"",""decimalPlaces"":2}",TRUE,,API https://apitest.cybersource.com/tss/v2/transactions/7628605148713232241656,,FALSE,20251111,35805a87-c056-4398-81ea-ca719ae64b9d,20251110.1,,,,,,,,E002,E0021002000000,E002 WNB Retail,WOODFOREST TEST MID
cybersource:authorization,7628603030626273304805,7fce6f05-8cc3-47b4-a478-cfec342af3a5,9.601E+11,,,,xxxxxx,,/,ics_payment_cancel,20251111,11:25:03,0,Declined,"{""countryName"":""United States"",""currencyCode"":""840"",""currencyName"":""US Dollar"",""currencyNumber"":""840"",""decimalPlaces"":2}",TRUE,,API https://apitest.cybersource.com/tss/v2/transactions/7628603030626273304805,,FALSE,20251111,85f6c532-4113-46e3-b2af-d06029552aab,20251110.1,,,,,,,,E002,E0021002000000,E002 WNB Retail,WOODFOREST TEST MID
cybersource:authorization,7628603034603232260494,9fb31186-70b2-4815-a732-df3b83e695e9,9.601E+11,,,,xxxxxx,,/,ics_auto_void_auth_reversal - Authorization Reversal after Void,20251111,11:25:03,0,Approved,"{""countryName"":""United States"",""currencyCode"":""840"",""currencyName"":""US Dollar"",""currencyNumber"":""840"",""decimalPlaces"":2}",TRUE,,API https://apitest.cybersource.com/tss/v2/transactions/7628603034603232260494,1.11654E+11,FALSE,20251111,762b56a4-47c6-4373-bd7a-a83308f06df2,20251110.1,,,,,,,,E002,E0021002000000,E002 WNB Retail,WOODFOREST TEST MID
cybersource:authorization,7628613137903232299407,bf3d41ef-87c7-4c14-9e26-ec4d4754974b,9.601E+11,,,,xxxxxx,,/,ics_auto_void_auth_reversal - Authorization Reversal after Void,20251111,11:41:53,0,Approved,"{""countryName"":""United States"",""currencyCode"":""840"",""currencyName"":""US Dollar"",""currencyNumber"":""840"",""decimalPlaces"":2}",TRUE,,API https://apitest.cybersource.com/tss/v2/transactions/7628613137903232299407,1.11711E+11,FALSE,20251111,c7a1e3aa-d5d7-4bb5-9751-b929ffe07d1b,20251110.1,,,,,,,,E002,E0021002000000,E002 WNB Retail,WOODFOREST TEST MID
cybersource:authorization,7628598997073232273527,3983a253-761a-4cef-89e1-466d985c1be1,9.601E+11,,,,xxxxxx,,/,ics_void - Voided Transactions,20251111,11:18:19,0,Declined,"{""countryName"":""United States"",""currencyCode"":""840"",""currencyName"":""US Dollar"",""currencyNumber"":""840"",""decimalPlaces"":2}",TRUE,,API https://apitest.cybersource.com/tss/v2/transactions/7628598997073232273527,,FALSE,20251111,8fbd8914-1e36-4791-b570-6ce0b3fc5310,20251110.1,,,,,,,,E002,E0021002000000,E002 WNB Retail,WOODFOREST TEST MID
cybersource:authorization,7628618037193232238442,9134ea10-9fb1-40a4-af97-3e47a621ed5e,9.601E+11,,,,xxxxxx,,/,ics_void - Voided Transactions,20251111,11:50:03,0,Declined,"{""countryName"":""United States"",""currencyCode"":""840"",""currencyName"":""US Dollar"",""currencyNumber"":""840"",""decimalPlaces"":2}",TRUE,,API https://apitest.cybersource.com/tss/v2/transactions/7628618037193232238442,,FALSE,20251111,570ff7d4-372b-45a3-891c-93e8220f63fe,20251110.1,,,,,,,,E002,E0021002000000,E002 WNB Retail,WOODFOREST TEST MID
cybersource:authorization,7628613136503232238442,1f63993b-1ccc-4c26-9e5d-521457b274ec,9.601E+11,,,,xxxxxx,,/,ics_void - Voided Transactions,20251111,11:41:53,0,Declined,"{""countryName"":""United States"",""currencyCode"":""840"",""currencyName"":""US Dollar"",""currencyNumber"":""840"",""decimalPlaces"":2}",TRUE,,API https://apitest.cybersource.com/tss/v2/transactions/7628613136503232238442,,FALSE,20251111,53170b2b-c902-4912-88d8-8c7d8297396d,20251110.1,,,,,,,,E002,E0021002000000,E002 WNB Retail,WOODFOREST TEST MID
cybersource:authorization,7628608031173232280282,9a70259f-ec07-4bbb-9737-958c86512cbd,9.601E+11,,,,xxxxxx,,/,ics_void - Voided Transactions,20251111,11:33:23,0,Declined,"{""countryName"":""United States"",""currencyCode"":""840"",""currencyName"":""US Dollar"",""currencyNumber"":""840"",""decimalPlaces"":2}",TRUE,,API https://apitest.cybersource.com/tss/v2/transactions/7628608031173232280282,,FALSE,20251111,446c910c-183a-4973-89b9-00b6ff85e862,20251110.1,,,,,,,,E002,E0021002000000,E002 WNB Retail,WOODFOREST TEST MID
cybersource:authorization,7628613043156241304806,07e2c00c-af4e-4ac7-a843-803d9d4277b9,9.601E+11,,,,xxxxxx,,/,ics_payment_cancel,20251111,11:41:44,0,Declined,"{""countryName"":""United States"",""currencyCode"":""840"",""currencyName"":""US Dollar"",""currencyNumber"":""840"",""decimalPlaces"":2}",TRUE,,API https://apitest.cybersource.com/tss/v2/transactions/7628613043156241304806,,FALSE,20251111,9e4b9978-d3c0-4d77-a2f9-64dc242b982c,20251110.1,,,,,,,,E002,E0021002000000,E002 WNB Retail,WOODFOREST TEST MID
cybersource:authorization,7628618869106459304805,78a9b269-9b18-4858-a041-18a9ece86b5d,9.601E+11,VI,Visa,credit card,401704xxxxxx4265,4265,30-Nov,ics_auth - Card Authorization,20251111,11:51:27,5.11,Approved,"{""countryName"":""United States"",""currencyCode"":""840"",""currencyName"":""US Dollar"",""currencyNumber"":""840"",""decimalPlaces"":2}",FALSE,016153570198200,API https://apitest.cybersource.com/tss/v2/transactions/7628618869106459304805,1.11721E+11,FALSE,20251111,15588537-c062-439d-a6f2-36e168d62d9b,20251110.1,,Y,831000,70000501,401704,contact,No,E002,E0021002000000,E002 WNB Retail,WOODFOREST TEST MID
cybersource:authorization,7628605110313232238431,8c6660d5-8806-4b2f-8473-feea4a538aee,9.601E+11,,,,xxxxxx,,/,ics_auto_void_auth_reversal - Authorization Reversal after Void,20251111,11:28:31,0,Approved,"{""countryName"":""United States"",""currencyCode"":""840"",""currencyName"":""US Dollar"",""currencyNumber"":""840"",""decimalPlaces"":2}",TRUE,,API https://apitest.cybersource.com/tss/v2/transactions/7628605110313232238431,1.11657E+11,FALSE,20251111,9059108a-8148-4e32-85b1-032b5e73dcf6,20251110.1,,,,,,,,E002,E0021002000000,E002 WNB Retail,WOODFOREST TEST MID
cybersource:authorization,7628605147146421004805,e0cf1688-0ef8-4d40-bc7a-0c7491f7cc75,9.601E+11,,,,xxxxxx,,/,ics_payment_cancel,20251111,11:28:34,0,Declined,"{""countryName"":""United States"",""currencyCode"":""840"",""currencyName"":""US Dollar"",""currencyNumber"":""840"",""decimalPlaces"":2}",TRUE,,API https://apitest.cybersource.com/tss/v2/transactions/7628605147146421004805,,FALSE,20251111,c49bc368-671e-4876-9d44-dd3dd925992e,20251110.1,,,,,,,,E002,E0021002000000,E002 WNB Retail,WOODFOREST TEST MID
cybersource:authorization,7628618116956377204807,9aef880a-3d87-4a84-8aa7-d965897f754e,9.601E+11,,,,xxxxxx,,/,ics_payment_cancel,20251111,11:50:11,0,Declined,"{""countryName"":""United States"",""currencyCode"":""840"",""currencyName"":""US Dollar"",""currencyNumber"":""840"",""decimalPlaces"":2}",TRUE,,API https://apitest.cybersource.com/tss/v2/transactions/7628618116956377204807,,FALSE,20251111,13b58b65-06d6-448d-ba9f-02a87cf2c4e4,20251110.1,,,,,,,,E002,E0021002000000,E002 WNB Retail,WOODFOREST TEST MID
cybersource:authorization,7628598563286060804807,7421beba-5c3b-462f-99d6-b9d51fb58ed1,9.601E+11,VI,Visa,credit card,401704xxxxxx4265,4265,30-Nov,ics_auth - Card Authorization,20251111,11:17:36,2.1,Approved,"{""countryName"":""United States"",""currencyCode"":""840"",""currencyName"":""US Dollar"",""currencyNumber"":""840"",""decimalPlaces"":2}",FALSE,016153570198200,API https://apitest.cybersource.com/tss/v2/transactions/7628598563286060804807,1.11647E+11,FALSE,20251111,d495fdb2-e627-493b-b0a1-fb2bd6868c90,20251110.1,,Y,831000,70000504,401704,contactless,No,E002,E0021002000000,E002 WNB Retail,WOODFOREST TEST MID
cybersource:authorization,7628601132616204604805,a424ac10-42cd-4d45-a8d5-60f8f2abf2c1,9.601E+11,VI,Visa,credit card,401704xxxxxx4265,4265,30-Nov,ics_auth - Card Authorization,20251111,11:21:53,1.05,Approved,"{""countryName"":""United States"",""currencyCode"":""840"",""currencyName"":""US Dollar"",""currencyNumber"":""840"",""decimalPlaces"":2}",FALSE,016153570198200,API https://apitest.cybersource.com/tss/v2/transactions/7628601132616204604805,1.11652E+11,FALSE,20251111,5abb8074-6dc3-4f43-8b1f-57f2d5ab92f3,20251110.1,,Y,831000,70000501,401704,contactless,No,E002,E0021002000000,E002 WNB Retail,WOODFOREST TEST MID
pkType,cybersourceTransactionId,sourceId,merchantNumber,cardNumber,merchantInformationBinNumber,expirationDate,transactionCode,transactionDate,transactionTime,authorizationAmount,authorizationResponseCode,currency,foreignCardIndicator,fileSource,referenceNumber,moto,agentNumber,officeName,merchantName,pkFilter,id,version,cardTypeCode,cardTypeDescription,cardTypeIndicator,binNumber,last4AccountNumber,authorizationNumber,avsCode,transactionId,cvvResult,terminalId,pointOfSale,keyedEntry
cybersource:authorization,7628598999263232280299,468be178-24f4-4c1f-99dc-3c657bd94d89,9.601E+11,xxxxxx,E002,/,ics_auto_void_auth_reversal - Authorization Reversal after Void,20251111,11:18:19,0,Approved,"{""countryName"":""United States"",""currencyCode"":""840"",""currencyName"":""US Dollar"",""currencyNumber"":""840"",""decimalPlaces"":2}",TRUE,API https://apitest.cybersource.com/tss/v2/transactions/7628598999263232280299,1.11647E+11,FALSE,E0021002000000,E002 WNB Retail,WOODFOREST TEST MID,20251111,584f6603-6255-4341-901d-a03de2cbed93,20251110.1,,,,,,,,,,,,
cybersource:authorization,7628642982716723803812,237f6fb4-44a5-40d2-8f45-c62f7936d50e,salequicktest001,xxxxxx,,/,ics_bill - Card Settlement,20251111,12:31:38,0,Declined,"{""countryName"":""United States"",""currencyCode"":""840"",""currencyName"":""US Dollar"",""currencyNumber"":""840"",""decimalPlaces"":2}",TRUE,API https://apitest.cybersource.com/tss/v2/transactions/7628642982716723803812,,FALSE,,,,20251111,6f5c9699-973b-4da8-ae2f-ab9f0e5afaba,20251111.1,,,,,,,,,,,,
cybersource:authorization,7628641670326123503814,5f2e2648-f847-4a41-a40c-bdfedd261ebc,salequicktest001,xxxxxx,,/,ics_bill - Card Settlement,20251111,12:29:27,0,Declined,"{""countryName"":""United States"",""currencyCode"":""840"",""currencyName"":""US Dollar"",""currencyNumber"":""840"",""decimalPlaces"":2}",TRUE,API https://apitest.cybersource.com/tss/v2/transactions/7628641670326123503814,,FALSE,,,,20251111,f66f426a-3e29-4656-99f4-a55a983d35fe,20251111.1,,,,,,,,,,,,
cybersource:authorization,7628625917706547603813,fb934777-18d9-4f0b-a7c6-bb81f4839051,paydalatest001,400000xxxxxx1000,,Jan-27,ics_auth - Card Authorization,20251111,12:03:11,2.1,Approved,"{""countryName"":""United States"",""currencyCode"":""840"",""currencyName"":""US Dollar"",""currencyNumber"":""840"",""decimalPlaces"":2}",FALSE,API https://apitest.cybersource.com/tss/v2/transactions/7628625917706547603813,7628625917706547603813,FALSE,,,,20251111,6e95f8c9-7c12-443c-bdb4-85b86b27c64b,20251111.1,VI,Visa,credit card,400000,1000,831000,Y,016153570198200,,,,
cybersource:authorization,7628643408086446103813,642754c0-0553-488b-a7ce-6636a2e41aee,salequicktest001,555555xxxxxx4444,,Dec-31,ics_auth - Card Authorization,20251111,12:32:20,200,Approved,"{""countryName"":""United States"",""currencyCode"":""840"",""currencyName"":""US Dollar"",""currencyNumber"":""840"",""decimalPlaces"":2}",FALSE,API https://apitest.cybersource.com/tss/v2/transactions/7628643408086446103813,7628643408086446103813,FALSE,,,,20251111,042af143-f2f6-476a-a6d6-2f08cd1277d0,20251111.1,MC,Mastercard,credit card,555555,4444,831000,Y,1111MCC876407  ,M - Card verification number matched.,,,
cybersource:authorization,7628642218556616504805,3b564526-a27b-4254-82da-5267c86e290b,salequicktest001,555555xxxxxx4444,,Dec-31,ics_auth - Card Authorization,20251111,12:30:21,100,Approved,"{""countryName"":""United States"",""currencyCode"":""840"",""currencyName"":""US Dollar"",""currencyNumber"":""840"",""decimalPlaces"":2}",FALSE,API https://apitest.cybersource.com/tss/v2/transactions/7628642218556616504805,7628642218556616504805,FALSE,,,,20251111,376b62e7-e539-4863-bf91-69d449667275,20251111.1,MC,Mastercard,credit card,555555,4444,831000,Y,1111MCC062478  ,M - Card verification number matched.,,,
cybersource:authorization,7628642258606617904807,fce0d3fe-0340-47b1-b17c-1df120f7a42f,salequicktest001,555555xxxxxx4444,,Dec-31,ics_auth - Card Authorization,20251111,12:30:25,100,Approved,"{""countryName"":""United States"",""currencyCode"":""840"",""currencyName"":""US Dollar"",""currencyNumber"":""840"",""decimalPlaces"":2}",FALSE,API https://apitest.cybersource.com/tss/v2/transactions/7628642258606617904807,7628642258606617904807,FALSE,,,,20251111,568dcf69-79eb-401a-bea4-c160f184c327,20251111.1,MC,Mastercard,credit card,555555,4444,831000,Y,1111MCC302622  ,M - Card verification number matched.,,,
cybersource:authorization,7628642761016062604806,5b0083f1-bd14-43c5-9d2c-29f4d220a01d,salequicktest001,555555xxxxxx4444,,Dec-31,ics_auth - Card Authorization,20251111,12:31:16,200,Approved,"{""countryName"":""United States"",""currencyCode"":""840"",""currencyName"":""US Dollar"",""currencyNumber"":""840"",""decimalPlaces"":2}",FALSE,API https://apitest.cybersource.com/tss/v2/transactions/7628642761016062604806,7628642761016062604806,FALSE,,,,20251111,65ce3035-5ed4-47bd-8d4d-64d55d398b2d,20251111.1,MC,Mastercard,credit card,555555,4444,831000,Y,1111MCC460364  ,M - Card verification number matched.,,,
cybersource:authorization,7628637726966475503812,119f2e0d-fd45-4bf1-9a0a-2c240da2e333,salequicktest001,411111xxxxxx1111,,Dec-31,ics_auth - Card Authorization,20251111,12:22:52,200,Approved,"{""countryName"":""United States"",""currencyCode"":""840"",""currencyName"":""US Dollar"",""currencyNumber"":""840"",""decimalPlaces"":2}",FALSE,API https://apitest.cybersource.com/tss/v2/transactions/7628637726966475503812,7628637726966475503812,FALSE,,,,20251111,5f49cfb3-00eb-4b86-bb04-ea6cbf3dc136,20251111.1,VI,Visa,credit card,411111,1111,831000,Y,016153570198200,M - Card verification number matched.,,,
cybersource:authorization,7628642024866601804807,355ab00d-43d5-4335-a60c-53591305af80,salequicktest001,555555xxxxxx4444,,Dec-31,ics_auth - Card Authorization,20251111,12:30:02,100,Approved,"{""countryName"":""United States"",""currencyCode"":""840"",""currencyName"":""US Dollar"",""currencyNumber"":""840"",""decimalPlaces"":2}",FALSE,API https://apitest.cybersource.com/tss/v2/transactions/7628642024866601804807,7628642024866601804807,FALSE,,,,20251111,9bbb36cf-b183-439b-aa5e-cb3a6a94a7b5,20251111.1,MC,Mastercard,credit card,555555,4444,831000,Y,1111MCC807685  ,M - Card verification number matched.,,,
cybersource:authorization,7628642223936015904806,ffccfece-be71-4943-af9a-fcc2c26c2a5e,salequicktest001,555555xxxxxx4444,,Dec-31,ics_auth - Card Authorization,20251111,12:30:22,100,Approved,"{""countryName"":""United States"",""currencyCode"":""840"",""currencyName"":""US Dollar"",""currencyNumber"":""840"",""decimalPlaces"":2}",FALSE,API https://apitest.cybersource.com/tss/v2/transactions/7628642223936015904806,7628642223936015904806,FALSE,,,,20251111,19083db9-021d-4674-8bc4-a975037bbcac,20251111.1,MC,Mastercard,credit card,555555,4444,831000,Y,1111MCC833720  ,M - Card verification number matched.,,,
cybersource:authorization,7628642254016618804805,fdb1e533-5653-4524-91c5-c1c77d5f53c2,salequicktest001,555555xxxxxx4444,,Dec-31,ics_auth - Card Authorization,20251111,12:30:25,100,Approved,"{""countryName"":""United States"",""currencyCode"":""840"",""currencyName"":""US Dollar"",""currencyNumber"":""840"",""decimalPlaces"":2}",FALSE,API https://apitest.cybersource.com/tss/v2/transactions/7628642254016618804805,7628642254016618804805,FALSE,,,,20251111,6a5003c8-ab73-43c0-9159-648f0e1f7c66,20251111.1,MC,Mastercard,credit card,555555,4444,831000,Y,1111MCC848078  ,M - Card verification number matched.,,,
cybersource:authorization,7628642909546797903512,9c1c5ad1-6bab-436a-9562-5e381958063e,trident1003,411111xxxxxx1111,,Feb-29,ics_auth - Card Authorization,20251111,12:31:31,120,Approved,"{""countryName"":""United States"",""currencyCode"":""840"",""currencyName"":""US Dollar"",""currencyNumber"":""840"",""decimalPlaces"":2}",FALSE,API https://apitest.cybersource.com/tss/v2/transactions/7628642909546797903512,7628642909546797903512,FALSE,,,,20251111,f3784286-4ef2-46ec-9b22-3d5c7ae94bec,20251111.1,VI,Visa,credit card,411111,1111,831000,Y,016153570198200,M - Card verification number matched.,,,
cybersource:authorization,7628636258416363704807,447fb7ad-7893-4cc3-9258-1b07c466aa4a,salequicktest001,555555xxxxxx4444,,Dec-31,ics_auth - Card Authorization,20251111,12:20:25,100,Approved,"{""countryName"":""United States"",""currencyCode"":""840"",""currencyName"":""US Dollar"",""currencyNumber"":""840"",""decimalPlaces"":2}",FALSE,API https://apitest.cybersource.com/tss/v2/transactions/7628636258416363704807,7628636258416363704807,FALSE,,,,20251111,15d13d62-e5f3-4638-98a9-79a760339a93,20251111.1,MC,Mastercard,credit card,555555,4444,831000,Y,1111MCC721058  ,M - Card verification number matched.,,,
cybersource:authorization,7628643666176809603812,030bb5c7-2c0d-4eae-9d58-5d28ce4269cc,salequicktest001,xxxxxx4444,,Dec-31,ics_bill - Card Settlement,20251111,12:32:46,100,Approved,"{""countryName"":""United States"",""currencyCode"":""840"",""currencyName"":""US Dollar"",""currencyNumber"":""840"",""decimalPlaces"":2}",FALSE,API https://apitest.cybersource.com/tss/v2/transactions/7628643666176809603812,7628643408086446103813,FALSE,,,,20251111,eaed0215-d1e9-44b1-90fc-03666e3b8cd9,20251111.1,MC,Mastercard,credit card,,4444,,Y,1111MCC876407  ,M - Card verification number matched.,,,
cybersource:authorization,7628642202796615304807,d31c47ef-e038-49d0-a671-aa341b955699,salequicktest001,555555xxxxxx4444,,Dec-31,ics_auth - Card Authorization,20251111,12:30:20,100,Approved,"{""countryName"":""United States"",""currencyCode"":""840"",""currencyName"":""US Dollar"",""currencyNumber"":""840"",""decimalPlaces"":2}",FALSE,API https://apitest.cybersource.com/tss/v2/transactions/7628642202796615304807,7628642202796615304807,FALSE,,,,20251111,62ca271b-8004-4e9f-bba3-4f6d7ab2e6b6,20251111.1,MC,Mastercard,credit card,555555,4444,831000,Y,1111MCC152302  ,M - Card verification number matched.,,,
cybersource:authorization,7628650842316843103813,dc8f8ef2-7600-47d8-bd33-f07bbd8bf1be,salequicktest001,xxxxxx4444,,Dec-31,ics_credit - Card Credit,20251111,12:44:44,10,Approved,"{""countryName"":""United States"",""currencyCode"":""840"",""currencyName"":""US Dollar"",""currencyNumber"":""840"",""decimalPlaces"":2}",FALSE,API https://apitest.cybersource.com/tss/v2/transactions/7628650842316843103813,7628643408086446103813,FALSE,,,,20251111,2e0afa1a-2287-47da-bbb3-f5ae875de8b2,20251111.1,MC,Mastercard,credit card,,4444,,Y,1111MCC876407  ,M - Card verification number matched.,,,
cybersource:authorization,7628644457576815504807,8fd62f15-a032-4f7e-9c23-e3893a4e2108,9.601E+11,401704xxxxxx4265,E002,30-Nov,ics_auth - Card Authorization,20251111,12:34:05,1.05,Approved,"{""countryName"":""United States"",""currencyCode"":""840"",""currencyName"":""US Dollar"",""currencyNumber"":""840"",""decimalPlaces"":2}",FALSE,API https://apitest.cybersource.com/tss/v2/transactions/7628644457576815504807,1.11803E+11,FALSE,E0021002000000,E002 WNB Retail,WOODFOREST TEST MID,20251111,2b425dc4-3758-478d-9aad-2faa464151a3,20251111.1,VI,Visa,credit card,401704,4265,831000,Y,016153570198200,,70000501,contactless,No
cybersource:authorization,7628645931826893304805,46ff2374-f8ce-4916-8a0b-5614ebb3ea5c,9.601E+11,xxxxxx,E002,/,ics_payment_cancel,20251111,12:36:33,0,Declined,"{""countryName"":""United States"",""currencyCode"":""840"",""currencyName"":""US Dollar"",""currencyNumber"":""840"",""decimalPlaces"":2}",TRUE,API https://apitest.cybersource.com/tss/v2/transactions/7628645931826893304805,,FALSE,E0021002000000,E002 WNB Retail,WOODFOREST TEST MID,20251111,4b10270b-32db-4812-911c-6c9a02ccdd70,20251111.1,,,,,,,,,,,,
cybersource:authorization,7628645021166847104805,4c96ca1b-61a0-439d-ace8-c3a255096a2c,9.601E+11,411111xxxxxx1111,E002,Nov-31,ics_auth - Card Authorization,20251111,12:35:02,0.02,Approved,"{""countryName"":""United States"",""currencyCode"":""840"",""currencyName"":""US Dollar"",""currencyNumber"":""840"",""decimalPlaces"":2}",FALSE,API https://apitest.cybersource.com/tss/v2/transactions/7628645021166847104805,1.11804E+11,FALSE,E0021002000000,E002 WNB Retail,WOODFOREST TEST MID,20251111,57238b3d-2dca-4d3c-a7d0-1781e55278c2,20251111.1,VI,Visa,credit card,411111,1111,831000,Y,016153570198200,M - Card verification number matched.,70000501,keyed,Yes
cybersource:authorization,7628646056783232280282,4c944e09-152d-493c-b5fb-e171b8e3f725,9.601E+11,xxxxxx,E002,/,ics_void - Voided Transactions,20251111,12:36:45,0,Declined,"{""countryName"":""United States"",""currencyCode"":""840"",""currencyName"":""US Dollar"",""currencyNumber"":""840"",""decimalPlaces"":2}",TRUE,API https://apitest.cybersource.com/tss/v2/transactions/7628646056783232280282,,FALSE,E0021002000000,E002 WNB Retail,WOODFOREST TEST MID,20251111,b4ae0ac7-72ca-47c1-a15a-e1fe7ee0f358,20251111.1,,,,,,,,,,,,
cybersource:authorization,7628645936393232238431,22dca219-2ad2-4d72-a32d-4942137666e0,9.601E+11,xxxxxx,E002,/,ics_auto_void_auth_reversal - Authorization Reversal after Void,20251111,12:36:33,0,Approved,"{""countryName"":""United States"",""currencyCode"":""840"",""currencyName"":""US Dollar"",""currencyNumber"":""840"",""decimalPlaces"":2}",TRUE,API https://apitest.cybersource.com/tss/v2/transactions/7628645936393232238431,1.11804E+11,FALSE,E0021002000000,E002 WNB Retail,WOODFOREST TEST MID,20251111,e3f2ab11-3e1d-441c-a9be-5a3e0de42a09,20251111.1,,,,,,,,,,,,
cybersource:authorization,7628646058563232260494,37846e86-4ea7-4105-8c6e-9d41f7db43cd,9.601E+11,xxxxxx,E002,/,ics_auto_void_auth_reversal - Authorization Reversal after Void,20251111,12:36:45,0,Approved,"{""countryName"":""United States"",""currencyCode"":""840"",""currencyName"":""US Dollar"",""currencyNumber"":""840"",""decimalPlaces"":2}",TRUE,API https://apitest.cybersource.com/tss/v2/transactions/7628646058563232260494,1.11803E+11,FALSE,E0021002000000,E002 WNB Retail,WOODFOREST TEST MID,20251111,21558e4c-7f5d-4a92-9bfc-9fa0e2af23b3,20251111.1,,,,,,,,,,,,
cybersource:authorization,7628646054826296504806,a6cd1deb-cf1c-4b77-bb6e-4dc46909e8e0,9.601E+11,xxxxxx,E002,/,ics_payment_cancel,20251111,12:36:45,0,Declined,"{""countryName"":""United States"",""currencyCode"":""840"",""currencyName"":""US Dollar"",""currencyNumber"":""840"",""decimalPlaces"":2}",TRUE,API https://apitest.cybersource.com/tss/v2/transactions/7628646054826296504806,,FALSE,E0021002000000,E002 WNB Retail,WOODFOREST TEST MID,20251111,ea3d5ece-b423-40ed-a090-d5e35d72432b,20251111.1,,,,,,,,,,,,
cybersource:authorization,7628645934083232241656,866db3f4-9579-4281-b856-f84cd315c717,9.601E+11,xxxxxx,E002,/,ics_void - Voided Transactions,20251111,12:36:33,0,Declined,"{""countryName"":""United States"",""currencyCode"":""840"",""currencyName"":""US Dollar"",""currencyNumber"":""840"",""decimalPlaces"":2}",TRUE,API https://apitest.cybersource.com/tss/v2/transactions/7628645934083232241656,,FALSE,E0021002000000,E002 WNB Retail,WOODFOREST TEST MID,20251111,90070aea-0a02-4e12-9942-6b874ff5607c,20251111.1,,,,,,,,,,,,
cybersource:authorization,7628680793176205603813,5ee54dfe-a0c6-4a10-9f2f-cedee1cef338,crest_test001,411111xxxxxx1111,,Dec-31,ics_auth - Card Authorization,20251111,13:34:39,9.25,Approved,"{""countryName"":""United States"",""currencyCode"":""840"",""currencyName"":""US Dollar"",""currencyNumber"":""840"",""decimalPlaces"":2}",FALSE,API https://apitest.cybersource.com/tss/v2/transactions/7628680793176205603813,7628680793176205603813,FALSE,,,,20251111,9a547152-8a5d-40a4-aa87-532bbda0806c,20251111.4,VI,Visa,credit card,411111,1111,831000,Y,016153570198200,M - Card verification number matched.,,,
cybersource:authorization,7628684743146154803814,c764603e-18b9-4ea6-947f-98d6d935f1e8,crest_test001,411111xxxxxx1111,,Dec-31,ics_auth - Card Authorization,20251111,13:41:14,9.25,Approved,"{""countryName"":""United States"",""currencyCode"":""840"",""currencyName"":""US Dollar"",""currencyNumber"":""840"",""decimalPlaces"":2}",FALSE,API https://apitest.cybersource.com/tss/v2/transactions/7628684743146154803814,7628684743146154803814,FALSE,,,,20251111,c9636cad-4979-4a48-be2a-8a4a48419c89,20251111.4,VI,Visa,credit card,411111,1111,831000,Y,016153570198200,M - Card verification number matched.,,,
cybersource:authorization,7628679945816475703812,65ab59ac-65a3-43ca-b3dd-f13e14f52ae2,crest_test001,411111xxxxxx1111,,Dec-31,ics_auth - Card Authorization,20251111,13:33:14,9.24,Approved,"{""countryName"":""United States"",""currencyCode"":""840"",""currencyName"":""US Dollar"",""currencyNumber"":""840"",""decimalPlaces"":2}",FALSE,API https://apitest.cybersource.com/tss/v2/transactions/7628679945816475703812,7628679945816475703812,FALSE,,,,20251111,cbf1daa6-d329-4c52-8063-270b46691d9a,20251111.4,VI,Visa,credit card,411111,1111,831000,Y,016153570198200,M - Card verification number matched.,,,
cybersource:authorization,7628684966446309803813,ee30ea74-f775-4e8b-8b83-a4565123243c,crest_test001,411111xxxxxx1111,,Dec-31,ics_auth - Card Authorization,20251111,13:41:36,0.01,Approved,"{""countryName"":""United States"",""currencyCode"":""840"",""currencyName"":""US Dollar"",""currencyNumber"":""840"",""decimalPlaces"":2}",FALSE,API https://apitest.cybersource.com/tss/v2/transactions/7628684966446309803813,7628684966446309803813,FALSE,,,,20251111,4dd75a93-1acd-4c9e-8689-02c3b4a70ef5,20251111.4,VI,Visa,credit card,411111,1111,831000,Y,016153570198200,M - Card verification number matched.,,,
cybersource:authorization,7628682324566250803813,3d64f441-ca1d-4c3f-a429-b478288599f5,crest_test001,411111xxxxxx1111,,Dec-31,ics_auth - Card Authorization,20251111,13:37:12,9.25,Approved,"{""countryName"":""United States"",""currencyCode"":""840"",""currencyName"":""US Dollar"",""currencyNumber"":""840"",""decimalPlaces"":2}",FALSE,API https://apitest.cybersource.com/tss/v2/transactions/7628682324566250803813,7628682324566250803813,FALSE,,,,20251111,6f0a2f71-e9aa-4dc2-a45b-ac235b627029,20251111.4,VI,Visa,credit card,411111,1111,831000,Y,016153570198200,M - Card verification number matched.,,,
cybersource:authorization,7628685276766318203813,07825676-a646-4ab0-8ab3-e002319eb954,crest_test001,411111xxxxxx1111,,Dec-31,ics_auth - Card Authorization,20251111,13:42:07,9.25,Approved,"{""countryName"":""United States"",""currencyCode"":""840"",""currencyName"":""US Dollar"",""currencyNumber"":""840"",""decimalPlaces"":2}",FALSE,API https://apitest.cybersource.com/tss/v2/transactions/7628685276766318203813,7628685276766318203813,FALSE,,,,20251111,2dbb528d-0b53-4748-90b8-0c4f97f1f4b6,20251111.4,VI,Visa,credit card,411111,1111,831000,Y,016153570198200,M - Card verification number matched.,,,
cybersource:authorization,7628709994126478403812,078df10a-c2df-4ace-a4b0-c2e3980e0a29,crest_test001,411111xxxxxx1111,,Dec-31,ics_auth - Card Authorization,20251111,14:23:19,0.01,Approved,"{""countryName"":""United States"",""currencyCode"":""840"",""currencyName"":""US Dollar"",""currencyNumber"":""840"",""decimalPlaces"":2}",FALSE,API https://apitest.cybersource.com/tss/v2/transactions/7628709994126478403812,7628709994126478403812,FALSE,,,,20251111,d808015c-8a7a-4eca-96a1-8b71eef1f69a,20251111.4,VI,Visa,credit card,411111,1111,831000,Y,016153570198200,M - Card verification number matched.,,,
cybersource:authorization,7628710310326486703812,a0f37780-2aea-4ab8-bf2f-d268a85f4930,crest_test001,411111xxxxxx1111,,Dec-31,ics_auth - Card Authorization,20251111,14:23:51,9.25,Approved,"{""countryName"":""United States"",""currencyCode"":""840"",""currencyName"":""US Dollar"",""currencyNumber"":""840"",""decimalPlaces"":2}",FALSE,API https://apitest.cybersource.com/tss/v2/transactions/7628710310326486703812,7628710310326486703812,FALSE,,,,20251111,e797242e-e02b-4db8-8f3f-d356b3658d0a,20251111.4,VI,Visa,credit card,411111,1111,831000,Y,016153570198200,M - Card verification number matched.,,,
cybersource:authorization,7628713410766574203812,d5e89e11-92ea-4481-a19e-1389c20b208d,crest_test001,411111xxxxxx1111,,Dec-31,ics_auth - Card Authorization,20251111,14:29:01,0.01,Approved,"{""countryName"":""United States"",""currencyCode"":""840"",""currencyName"":""US Dollar"",""currencyNumber"":""840"",""decimalPlaces"":2}",FALSE,API https://apitest.cybersource.com/tss/v2/transactions/7628713410766574203812,7628713410766574203812,FALSE,,,,20251111,c118d7a6-23cf-4413-b460-08dc0f5915f1,20251111.4,VI,Visa,credit card,411111,1111,831000,Y,016153570198200,M - Card verification number matched.,,,
cybersource:authorization,7628698275686743703813,1d1b40f7-21a0-4cd2-8f20-46b0749e14ce,salequicktest001,555555xxxxxx4444,,Dec-31,ics_auth - Card Authorization,20251111,14:03:47,200,Approved,"{""countryName"":""United States"",""currencyCode"":""840"",""currencyName"":""US Dollar"",""currencyNumber"":""840"",""decimalPlaces"":2}",FALSE,API https://apitest.cybersource.com/tss/v2/transactions/7628698275686743703813,7628698275686743703813,FALSE,,,,20251111,4f5657d8-b0b3-4810-bab5-ef880d352f20,20251111.4,MC,Mastercard,credit card,555555,4444,831000,Y,1111MCC652381  ,M - Card verification number matched.,,,
cybersource:authorization,7628721174006004403812,e588edd0-29ff-4503-8e20-ade64aca2885,crest_test001,411111xxxxxx1111,,Dec-31,ics_auth - Card Authorization,20251111,14:41:57,0.01,Approved,"{""countryName"":""United States"",""currencyCode"":""840"",""currencyName"":""US Dollar"",""currencyNumber"":""840"",""decimalPlaces"":2}",FALSE,API https://apitest.cybersource.com/tss/v2/transactions/7628721174006004403812,7628721174006004403812,FALSE,,,,20251111,a128e1d7-29ae-4abc-86ad-c52482f7c72d,20251111.4,VI,Visa,credit card,411111,1111,831000,Y,016153570198200,M - Card verification number matched.,,,
cybersource:authorization,7628713717886581403812,f336543f-b523-49c6-85ae-54d4cbac767c,crest_test001,411111xxxxxx1111,,Dec-31,ics_auth - Card Authorization,20251111,14:29:31,9.25,Approved,"{""countryName"":""United States"",""currencyCode"":""840"",""currencyName"":""US Dollar"",""currencyNumber"":""840"",""decimalPlaces"":2}",FALSE,API https://apitest.cybersource.com/tss/v2/transactions/7628713717886581403812,7628713717886581403812,FALSE,,,,20251111,59b09aeb-fc70-483d-9f8c-7d0a5f1f19cb,20251111.4,VI,Visa,credit card,411111,1111,831000,Y,016153570198200,M - Card verification number matched.,,,
cybersource:authorization,7628698548956754903813,20855070-1958-4e35-9dff-9c4faf31353d,salequicktest001,xxxxxx4444,,Dec-31,ics_bill - Card Settlement,20251111,14:04:15,100,Approved,"{""countryName"":""United States"",""currencyCode"":""840"",""currencyName"":""US Dollar"",""currencyNumber"":""840"",""decimalPlaces"":2}",FALSE,API https://apitest.cybersource.com/tss/v2/transactions/7628698548956754903813,7628698275686743703813,FALSE,,,,20251111,e45f838e-26b7-4755-b00f-276c72d6a00e,20251111.4,MC,Mastercard,credit card,,4444,,Y,1111MCC652381  ,M - Card verification number matched.,,,
cybersource:authorization,7628721482496014903812,8090b80a-d88e-440c-be0c-4d45b8b39810,crest_test001,411111xxxxxx1111,,Dec-31,ics_auth - Card Authorization,20251111,14:42:28,9.25,Approved,"{""countryName"":""United States"",""currencyCode"":""840"",""currencyName"":""US Dollar"",""currencyNumber"":""840"",""decimalPlaces"":2}",FALSE,API https://apitest.cybersource.com/tss/v2/transactions/7628721482496014903812,7628721482496014903812,FALSE,,,,20251111,46709dd0-70d7-4cb6-bfe2-f2ead898cfa6,20251111.4,VI,Visa,credit card,411111,1111,831000,Y,016153570198200,M - Card verification number matched.,,,
cybersource:authorization,7628720951096997703812,e84de5d8-d271-4b6c-a316-b3f5d94f1d70,crest_test001,411111xxxxxx1111,,Dec-31,ics_auth - Card Authorization,20251111,14:41:35,9.25,Approved,"{""countryName"":""United States"",""currencyCode"":""840"",""currencyName"":""US Dollar"",""currencyNumber"":""840"",""decimalPlaces"":2}",FALSE,API https://apitest.cybersource.com/tss/v2/transactions/7628720951096997703812,7628720951096997703812,FALSE,,,,20251111,7290aa90-2205-4398-9db9-19c4d89cfcd0,20251111.4,VI,Visa,credit card,411111,1111,831000,Y,016153570198200,M - Card verification number matched.,,,
cybersource:authorization,7628713154556216403813,dc849475-f6a2-4c55-b426-bf9821ba6812,crest_test001,411111xxxxxx1111,,Dec-31,ics_auth - Card Authorization,20251111,14:28:35,9.25,Approved,"{""countryName"":""United States"",""currencyCode"":""840"",""currencyName"":""US Dollar"",""currencyNumber"":""840"",""decimalPlaces"":2}",FALSE,API https://apitest.cybersource.com/tss/v2/transactions/7628713154556216403813,7628713154556216403813,FALSE,,,,20251111,fe62b7f7-67a1-46d0-99c3-56aadc81443e,20251111.4,VI,Visa,credit card,411111,1111,831000,Y,016153570198200,M - Card verification number matched.,,,
cybersource:authorization,7628709768496976503814,ee445196-4dfa-4dbb-afab-6e67411c6d8b,crest_test001,411111xxxxxx1111,,Dec-31,ics_auth - Card Authorization,20251111,14:22:56,9.25,Approved,"{""countryName"":""United States"",""currencyCode"":""840"",""currencyName"":""US Dollar"",""currencyNumber"":""840"",""decimalPlaces"":2}",FALSE,API https://apitest.cybersource.com/tss/v2/transactions/7628709768496976503814,7628709768496976503814,FALSE,,,,20251111,363bee9d-0ae8-473e-9047-1bb3eb46e4c2,20251111.4,VI,Visa,credit card,411111,1111,831000,Y,016153570198200,M - Card verification number matched.,,,
cybersource:authorization,7628705620356811103814,9352d07d-7e63-4147-93c4-418c244c2409,salequicktest001,xxxxxx4444,,Dec-31,ics_credit - Card Credit,20251111,14:16:02,10,Approved,"{""countryName"":""United States"",""currencyCode"":""840"",""currencyName"":""US Dollar"",""currencyNumber"":""840"",""decimalPlaces"":2}",FALSE,API https://apitest.cybersource.com/tss/v2/transactions/7628705620356811103814,7628698275686743703813,FALSE,,,,20251111,712d6432-227a-4bf8-b27f-7552133513d4,20251111.4,MC,Mastercard,credit card,,4444,,Y,1111MCC652381  ,M - Card verification number matched.,,,
cybersource:authorization,7628782408236029003814,d76c3901-02b4-470a-aa07-7d006e18110e,crest_test001,411111xxxxxx1111,,Dec-31,ics_auth - Card Authorization,20251111,16:24:00,9.25,Approved,"{""countryName"":""United States"",""currencyCode"":""840"",""currencyName"":""US Dollar"",""currencyNumber"":""840"",""decimalPlaces"":2}",FALSE,API https://apitest.cybersource.com/tss/v2/transactions/7628782408236029003814,7628782408236029003814,FALSE,,,,20251111,aaeda28d-fd3a-4821-86b1-b6786a166d29,20251111.6,VI,Visa,credit card,411111,1111,831000,Y,016153570198200,M - Card verification number matched.,,,
cybersource:authorization,7628769232186639603812,417be063-d84c-41a6-808c-ea218b4cfd7f,crest_test001,411111xxxxxx1111,,Dec-31,ics_auth - Card Authorization,20251111,16:02:03,9.25,Approved,"{""countryName"":""United States"",""currencyCode"":""840"",""currencyName"":""US Dollar"",""currencyNumber"":""840"",""decimalPlaces"":2}",FALSE,API https://apitest.cybersource.com/tss/v2/transactions/7628769232186639603812,7628769232186639603812,FALSE,,,,20251111,1bcf105b-0a55-4312-91a1-583cf59e9582,20251111.6,VI,Visa,credit card,411111,1111,831000,Y,016153570198200,M - Card verification number matched.,,,
cybersource:authorization,7628769465006322003813,d64ccc32-0a76-40ae-b478-a9bcb4b726d4,crest_test001,411111xxxxxx1111,,Dec-31,ics_auth - Card Authorization,20251111,16:02:26,0.01,Approved,"{""countryName"":""United States"",""currencyCode"":""840"",""currencyName"":""US Dollar"",""currencyNumber"":""840"",""decimalPlaces"":2}",FALSE,API https://apitest.cybersource.com/tss/v2/transactions/7628769465006322003813,7628769465006322003813,FALSE,,,,20251111,717a8eea-97c7-41dd-8a1a-df244a0059f8,20251111.6,VI,Visa,credit card,411111,1111,831000,Y,016153570198200,M - Card verification number matched.,,,
cybersource:authorization,7628782973816180203813,0ef5f9ac-7c68-49f1-aace-91ce41a404ee,crest_test001,411111xxxxxx1111,,Dec-31,ics_auth - Card Authorization,20251111,16:24:57,9.25,Approved,"{""countryName"":""United States"",""currencyCode"":""840"",""currencyName"":""US Dollar"",""currencyNumber"":""840"",""decimalPlaces"":2}",FALSE,API https://apitest.cybersource.com/tss/v2/transactions/7628782973816180203813,7628782973816180203813,FALSE,,,,20251111,7b9e58ce-6d6d-4696-ab9e-fc2bb2e66de5,20251111.6,VI,Visa,credit card,411111,1111,831000,Y,016153570198200,M - Card verification number matched.,,,
cybersource:authorization,7628769778766349903813,e91cfc09-e06e-43c0-b7d9-8219bdec7d20,crest_test001,411111xxxxxx1111,,Dec-31,ics_auth - Card Authorization,20251111,16:02:57,9.25,Approved,"{""countryName"":""United States"",""currencyCode"":""840"",""currencyName"":""US Dollar"",""currencyNumber"":""840"",""decimalPlaces"":2}",FALSE,API https://apitest.cybersource.com/tss/v2/transactions/7628769778766349903813,7628769778766349903813,FALSE,,,,20251111,d95453d7-0996-4653-ace6-3bfda5fade3d,20251111.6,VI,Visa,credit card,411111,1111,831000,Y,016153570198200,M - Card verification number matched.,,,
cybersource:authorization,7628782652636034003814,5e882aa0-7f67-41fc-98ae-ecbc01672fce,crest_test001,411111xxxxxx1111,,Dec-31,ics_auth - Card Authorization,20251111,16:24:25,0.01,Approved,"{""countryName"":""United States"",""currencyCode"":""840"",""currencyName"":""US Dollar"",""currencyNumber"":""840"",""decimalPlaces"":2}",FALSE,API https://apitest.cybersource.com/tss/v2/transactions/7628782652636034003814,7628782652636034003814,FALSE,,,,20251111,2fcb4896-a3bd-4960-9d7d-5d8073fa910a,20251111.6,VI,Visa,credit card,411111,1111,831000,Y,016153570198200,M - Card verification number matched.,,,
cybersource:authorization,7628929303036392704806,7ddf0b2e-e0ab-47d3-b03c-388fe9857b36,payrilliumcardpresent001,xxxxxx,,/,ics_auth - Card Authorization,20251111,20:28:50,0,Declined,"{""countryName"":""United States"",""currencyCode"":""840"",""currencyName"":""US Dollar"",""currencyNumber"":""840"",""decimalPlaces"":2}",TRUE,API https://apitest.cybersource.com/tss/v2/transactions/7628929303036392704806,,FALSE,,,,20251111,074e5d55-0ba2-4c0a-8db2-240e4ac60ad1,20251111.7,,,,,,,,,,,,
